timestamp,CO_mg_m3,NO2_ug_m3,O3_ug_m3,SO2_ug_m3
2024-01-01T00:00:00Z,1.39,49.0,16.0,7.0
2024-01-01T01:00:00Z,1.29,45.0,17.0,7.0
2024-01-01T02:00:00Z,1.21,44.0,17.0,7.0
2024-01-01T03:00:00Z,1.02,37.0,26.0,7.0
2024-01-01T04:00:00Z,0.89,30.0,36.0,7.0
2024-01-01T05:00:00Z,0.75,27.0,40.0,7.0
2024-01-01T06:00:00Z,0.74,27.0,37.0,8.0
2024-01-01T07:00:00Z,0.75,32.0,31.0,8.0
2024-01-01T08:00:00Z,0.77,36.0,26.0,8.0
2024-01-01T09:00:00Z,0.8,36.0,26.0,9.0
2024-01-01T10:00:00Z,0.82,30.0,36.0,10.0
2024-01-01T11:00:00Z,0.86,24.0,47.0,9.0
2024-01-01T12:00:00Z,0.86,21.0,58.0,9.0
2024-01-01T13:00:00Z,0.91,20.0,67.0,9.0
2024-01-01T14:00:00Z,0.92,21.0,74.0,9.0
2024-01-01T15:00:00Z,0.94,22.0,80.0,9.0
2024-01-01T16:00:00Z,0.95,23.0,82.0,8.0
2024-01-01T17:00:00Z,1.01,26.0,77.0,8.0
2024-01-01T18:00:00Z,1.07,31.0,69.0,7.0
2024-01-01T19:00:00Z,1.1,37.0,58.0,7.0
2024-01-01T20:00:00Z,1.13,46.0,46.0,7.0
2024-01-01T21:00:00Z,1.21,56.0,30.0,7.0
2024-01-01T22:00:00Z,1.31,67.0,15.0,7.0
2024-01-01T23:00:00Z,1.31,63.0,21.0,7.0
2024-01-02T00:00:00Z,1.18,55.0,30.0,7.0
2024-01-02T01:00:00Z,1.16,55.0,25.0,7.0
2024-01-02T02:00:00Z,1.16,54.0,24.0,7.0
2024-01-02T03:00:00Z,1.11,44.0,34.0,7.0
2024-01-02T04:00:00Z,1.1,46.0,29.0,7.0
2024-01-02T05:00:00Z,1.09,48.0,24.0,7.0
2024-01-02T06:00:00Z,1.14,51.0,22.0,7.0
2024-01-02T07:00:00Z,1.11,52.0,23.0,7.0
2024-01-02T08:00:00Z,1.14,55.0,21.0,7.0
2024-01-02T09:00:00Z,1.27,52.0,23.0,7.0
2024-01-02T10:00:00Z,1.18,56.0,19.0,7.0
2024-01-02T11:00:00Z,1.08,48.0,35.0,8.0
2024-01-02T12:00:00Z,0.99,41.0,46.0,9.0
2024-01-02T13:00:00Z,0.94,38.0,53.0,10.0
2024-01-02T14:00:00Z,0.93,37.0,59.0,10.0
2024-01-02T15:00:00Z,0.99,37.0,67.0,9.0
2024-01-02T16:00:00Z,1.01,38.0,66.0,9.0
2024-01-02T17:00:00Z,1.0,40.0,65.0,9.0
2024-01-02T18:00:00Z,1.11,54.0,47.0,8.0
2024-01-02T19:00:00Z,1.27,64.0,29.0,8.0
2024-01-02T20:00:00Z,1.35,68.0,21.0,7.0
2024-01-02T21:00:00Z,1.36,63.0,20.0,7.0
2024-01-02T22:00:00Z,1.31,60.0,19.0,7.0
2024-01-02T23:00:00Z,1.31,60.0,13.0,7.0
2024-01-03T00:00:00Z,1.27,56.0,11.0,7.0
2024-01-03T01:00:00Z,1.27,50.0,15.0,6.0
2024-01-03T02:00:00Z,1.17,36.0,29.0,6.0
2024-01-03T03:00:00Z,1.14,30.0,36.0,6.0
2024-01-03T04:00:00Z,1.1,26.0,41.0,6.0
2024-01-03T05:00:00Z,1.1,21.0,46.0,5.0
2024-01-03T06:00:00Z,1.14,20.0,45.0,5.0
2024-01-03T07:00:00Z,1.15,22.0,41.0,5.0
2024-01-03T08:00:00Z,1.26,26.0,37.0,5.0
2024-01-03T09:00:00Z,1.27,27.0,36.0,5.0
2024-01-03T10:00:00Z,1.3,29.0,37.0,5.0
2024-01-03T11:00:00Z,1.31,29.0,42.0,5.0
2024-01-03T12:00:00Z,1.33,28.0,49.0,5.0
2024-01-03T13:00:00Z,1.31,29.0,60.0,6.0
2024-01-03T14:00:00Z,1.3,31.0,67.0,8.0
2024-01-03T15:00:00Z,1.27,32.0,69.0,10.0
2024-01-03T16:00:00Z,1.17,35.0,68.0,11.0
2024-01-03T17:00:00Z,1.11,40.0,62.0,10.0
2024-01-03T18:00:00Z,1.29,60.0,37.0,9.0
2024-01-03T19:00:00Z,1.49,77.0,14.0,8.0
2024-01-03T20:00:00Z,1.62,78.0,7.0,8.0
2024-01-03T21:00:00Z,1.56,75.0,5.0,8.0
2024-01-03T22:00:00Z,1.56,74.0,5.0,8.0
2024-01-03T23:00:00Z,1.36,69.0,12.0,8.0
2024-01-04T00:00:00Z,1.23,59.0,14.0,7.0
2024-01-04T01:00:00Z,1.14,47.0,19.0,6.0
2024-01-04T02:00:00Z,1.13,40.0,20.0,6.0
2024-01-04T03:00:00Z,1.1,35.0,24.0,5.0
2024-01-04T04:00:00Z,1.07,30.0,29.0,5.0
2024-01-04T05:00:00Z,1.04,29.0,31.0,5.0
2024-01-04T06:00:00Z,1.0,27.0,33.0,5.0
2024-01-04T07:00:00Z,0.95,27.0,35.0,5.0
2024-01-04T08:00:00Z,0.96,28.0,36.0,5.0
2024-01-04T09:00:00Z,1.0,26.0,40.0,5.0
2024-01-04T10:00:00Z,1.0,25.0,41.0,5.0
2024-01-04T11:00:00Z,0.96,24.0,43.0,5.0
2024-01-04T12:00:00Z,0.92,23.0,46.0,6.0
2024-01-04T13:00:00Z,0.89,24.0,56.0,7.0
2024-01-04T14:00:00Z,0.79,24.0,66.0,7.0
2024-01-04T15:00:00Z,0.76,26.0,69.0,7.0
2024-01-04T16:00:00Z,0.79,30.0,65.0,7.0
2024-01-04T17:00:00Z,0.78,36.0,55.0,7.0
2024-01-04T18:00:00Z,0.8,44.0,42.0,7.0
2024-01-04T19:00:00Z,0.99,60.0,23.0,7.0
2024-01-04T20:00:00Z,1.05,62.0,21.0,7.0
2024-01-04T21:00:00Z,0.94,56.0,24.0,7.0
2024-01-04T22:00:00Z,0.95,56.0,19.0,7.0
2024-01-04T23:00:00Z,1.01,56.0,16.0,7.0
2024-01-05T00:00:00Z,1.05,61.0,9.0,7.0
2024-01-05T01:00:00Z,0.99,57.0,5.0,7.0
2024-01-05T02:00:00Z,0.97,53.0,6.0,7.0
2024-01-05T03:00:00Z,0.93,54.0,3.0,7.0
2024-01-05T04:00:00Z,0.91,55.0,3.0,7.0
2024-01-05T05:00:00Z,0.9,53.0,3.0,7.0
2024-01-05T06:00:00Z,0.95,53.0,4.0,7.0
2024-01-05T07:00:00Z,1.06,52.0,3.0,7.0
2024-01-05T08:00:00Z,1.16,52.0,3.0,7.0
2024-01-05T09:00:00Z,1.3,50.0,7.0,8.0
2024-01-05T10:00:00Z,1.35,52.0,16.0,10.0
2024-01-05T11:00:00Z,1.21,49.0,32.0,12.0
2024-01-05T12:00:00Z,1.2,44.0,51.0,14.0
2024-01-05T13:00:00Z,1.15,43.0,67.0,15.0
2024-01-05T14:00:00Z,1.07,40.0,82.0,14.0
2024-01-05T15:00:00Z,1.1,41.0,86.0,13.0
2024-01-05T16:00:00Z,1.04,42.0,87.0,12.0
2024-01-05T17:00:00Z,1.04,48.0,78.0,11.0
2024-01-05T18:00:00Z,1.21,77.0,45.0,10.0
2024-01-05T19:00:00Z,1.55,99.0,15.0,10.0
2024-01-05T20:00:00Z,1.8,97.0,13.0,9.0
2024-01-05T21:00:00Z,1.84,92.0,13.0,10.0
2024-01-05T22:00:00Z,1.82,86.0,8.0,9.0
2024-01-05T23:00:00Z,1.75,82.0,6.0,9.0
2024-01-06T00:00:00Z,1.61,74.0,7.0,8.0
2024-01-06T01:00:00Z,1.5,70.0,7.0,8.0
2024-01-06T02:00:00Z,1.53,71.0,5.0,8.0
2024-01-06T03:00:00Z,1.69,73.0,4.0,9.0
2024-01-06T04:00:00Z,1.78,73.0,4.0,9.0
2024-01-06T05:00:00Z,1.68,69.0,4.0,11.0
2024-01-06T06:00:00Z,1.59,66.0,3.0,9.0
2024-01-06T07:00:00Z,1.6,63.0,3.0,8.0
2024-01-06T08:00:00Z,1.59,62.0,5.0,9.0
2024-01-06T09:00:00Z,1.64,65.0,7.0,11.0
2024-01-06T10:00:00Z,1.51,61.0,18.0,14.0
2024-01-06T11:00:00Z,1.36,58.0,36.0,16.0
2024-01-06T12:00:00Z,1.36,58.0,49.0,17.0
2024-01-06T13:00:00Z,1.32,48.0,70.0,18.0
2024-01-06T14:00:00Z,1.17,41.0,79.0,23.0
2024-01-06T15:00:00Z,1.0,38.0,79.0,24.0
2024-01-06T16:00:00Z,1.01,52.0,58.0,19.0
2024-01-06T17:00:00Z,0.91,48.0,58.0,18.0
2024-01-06T18:00:00Z,0.8,44.0,54.0,15.0
2024-01-06T19:00:00Z,0.74,44.0,44.0,13.0
2024-01-06T20:00:00Z,0.6,39.0,40.0,10.0
2024-01-06T21:00:00Z,0.61,39.0,36.0,10.0
2024-01-06T22:00:00Z,0.57,37.0,37.0,9.0
2024-01-06T23:00:00Z,0.54,34.0,39.0,9.0
2024-01-07T00:00:00Z,0.61,35.0,33.0,10.0
2024-01-07T01:00:00Z,0.57,38.0,26.0,9.0
2024-01-07T02:00:00Z,0.56,42.0,19.0,9.0
2024-01-07T03:00:00Z,0.63,49.0,11.0,9.0
2024-01-07T04:00:00Z,0.68,52.0,9.0,10.0
2024-01-07T05:00:00Z,0.64,50.0,10.0,11.0
2024-01-07T06:00:00Z,0.66,50.0,9.0,11.0
2024-01-07T07:00:00Z,0.71,51.0,7.0,12.0
2024-01-07T08:00:00Z,0.72,50.0,8.0,13.0
2024-01-07T09:00:00Z,0.78,41.0,18.0,14.0
2024-01-07T10:00:00Z,0.71,35.0,30.0,14.0
2024-01-07T11:00:00Z,0.64,30.0,38.0,13.0
2024-01-07T12:00:00Z,0.61,27.0,46.0,12.0
2024-01-07T13:00:00Z,0.57,24.0,55.0,12.0
2024-01-07T14:00:00Z,0.53,21.0,62.0,10.0
2024-01-07T15:00:00Z,0.49,20.0,65.0,9.0
2024-01-07T16:00:00Z,0.54,23.0,65.0,8.0
2024-01-07T17:00:00Z,0.5,28.0,60.0,9.0
2024-01-07T18:00:00Z,0.54,35.0,52.0,9.0
2024-01-07T19:00:00Z,0.61,43.0,41.0,10.0
2024-01-07T20:00:00Z,0.61,37.0,42.0,10.0
2024-01-07T21:00:00Z,0.59,34.0,41.0,11.0
2024-01-07T22:00:00Z,0.61,33.0,40.0,9.0
2024-01-07T23:00:00Z,0.64,33.0,39.0,9.0
2024-01-08T00:00:00Z,0.65,34.0,36.0,11.0
2024-01-08T01:00:00Z,0.66,35.0,30.0,9.0
2024-01-08T02:00:00Z,0.61,34.0,29.0,8.0
2024-01-08T03:00:00Z,0.56,30.0,32.0,8.0
2024-01-08T04:00:00Z,0.56,28.0,34.0,8.0
2024-01-08T05:00:00Z,0.59,30.0,32.0,8.0
2024-01-08T06:00:00Z,0.63,28.0,32.0,8.0
2024-01-08T07:00:00Z,0.6,28.0,33.0,8.0
2024-01-08T08:00:00Z,0.61,32.0,29.0,8.0
2024-01-08T09:00:00Z,0.59,30.0,33.0,9.0
2024-01-08T10:00:00Z,0.56,26.0,39.0,9.0
2024-01-08T11:00:00Z,0.57,22.0,46.0,9.0
2024-01-08T12:00:00Z,0.63,21.0,52.0,10.0
2024-01-08T13:00:00Z,0.65,20.0,59.0,10.0
2024-01-08T14:00:00Z,0.66,21.0,64.0,9.0
2024-01-08T15:00:00Z,0.7,23.0,66.0,10.0
2024-01-08T16:00:00Z,0.74,26.0,64.0,10.0
2024-01-08T17:00:00Z,0.74,28.0,59.0,10.0
2024-01-08T18:00:00Z,0.75,31.0,51.0,9.0
2024-01-08T19:00:00Z,0.75,34.0,41.0,9.0
2024-01-08T20:00:00Z,0.79,37.0,35.0,9.0
2024-01-08T21:00:00Z,0.79,41.0,28.0,9.0
2024-01-08T22:00:00Z,0.8,43.0,23.0,9.0
2024-01-08T23:00:00Z,0.8,42.0,22.0,8.0
2024-01-09T00:00:00Z,0.81,37.0,25.0,9.0
2024-01-09T01:00:00Z,0.8,38.0,22.0,8.0
2024-01-09T02:00:00Z,0.85,43.0,15.0,8.0
2024-01-09T03:00:00Z,0.86,48.0,9.0,8.0
2024-01-09T04:00:00Z,0.88,49.0,8.0,7.0
2024-01-09T05:00:00Z,0.93,49.0,6.0,8.0
2024-01-09T06:00:00Z,0.94,49.0,5.0,8.0
2024-01-09T07:00:00Z,1.04,50.0,4.0,8.0
2024-01-09T08:00:00Z,1.15,49.0,4.0,8.0
2024-01-09T09:00:00Z,1.2,49.0,6.0,9.0
2024-01-09T10:00:00Z,1.21,52.0,9.0,10.0
2024-01-09T11:00:00Z,1.11,53.0,14.0,10.0
2024-01-09T12:00:00Z,1.07,44.0,22.0,10.0
2024-01-09T13:00:00Z,1.05,37.0,38.0,9.0
2024-01-09T14:00:00Z,0.99,34.0,45.0,8.0
2024-01-09T15:00:00Z,0.99,38.0,44.0,7.0
2024-01-09T16:00:00Z,1.0,41.0,47.0,7.0
2024-01-09T17:00:00Z,1.02,46.0,38.0,7.0
2024-01-09T18:00:00Z,1.06,51.0,25.0,7.0
2024-01-09T19:00:00Z,1.14,55.0,11.0,8.0
2024-01-09T20:00:00Z,1.16,59.0,6.0,9.0
2024-01-09T21:00:00Z,1.19,63.0,4.0,10.0
2024-01-09T22:00:00Z,1.24,64.0,3.0,11.0
2024-01-09T23:00:00Z,1.2,62.0,4.0,10.0
2024-01-10T00:00:00Z,1.2,59.0,6.0,10.0
2024-01-10T01:00:00Z,1.21,58.0,4.0,10.0
2024-01-10T02:00:00Z,1.24,58.0,4.0,10.0
2024-01-10T03:00:00Z,1.26,59.0,4.0,10.0
2024-01-10T04:00:00Z,1.26,58.0,3.0,10.0
2024-01-10T05:00:00Z,1.26,58.0,3.0,9.0
2024-01-10T06:00:00Z,1.27,57.0,3.0,9.0
2024-01-10T07:00:00Z,1.35,56.0,3.0,8.0
2024-01-10T08:00:00Z,1.44,54.0,4.0,9.0
2024-01-10T09:00:00Z,1.49,52.0,7.0,10.0
2024-01-10T10:00:00Z,1.13,44.0,23.0,10.0
2024-01-10T11:00:00Z,0.73,34.0,40.0,10.0
2024-01-10T12:00:00Z,0.57,25.0,54.0,9.0
2024-01-10T13:00:00Z,0.47,19.0,64.0,7.0
2024-01-10T14:00:00Z,0.46,17.0,71.0,7.0
2024-01-10T15:00:00Z,0.49,19.0,70.0,8.0
2024-01-10T16:00:00Z,0.49,22.0,69.0,7.0
2024-01-10T17:00:00Z,0.47,25.0,65.0,7.0
2024-01-10T18:00:00Z,0.55,35.0,53.0,8.0
2024-01-10T19:00:00Z,0.69,48.0,40.0,9.0
2024-01-10T20:00:00Z,0.86,54.0,35.0,9.0
2024-01-10T21:00:00Z,0.93,59.0,29.0,9.0
2024-01-10T22:00:00Z,0.97,53.0,34.0,8.0
2024-01-10T23:00:00Z,0.99,52.0,32.0,9.0
2024-01-11T00:00:00Z,1.01,50.0,33.0,8.0
2024-01-11T01:00:00Z,1.03,49.0,31.0,8.0
2024-01-11T02:00:00Z,1.03,47.0,33.0,8.0
2024-01-11T03:00:00Z,1.05,46.0,31.0,9.0
2024-01-11T04:00:00Z,1.04,45.0,31.0,9.0
2024-01-11T05:00:00Z,1.01,45.0,30.0,9.0
2024-01-11T06:00:00Z,1.01,47.0,26.0,9.0
2024-01-11T07:00:00Z,1.05,54.0,19.0,9.0
2024-01-11T08:00:00Z,1.13,58.0,13.0,10.0
2024-01-11T09:00:00Z,1.16,56.0,14.0,10.0
2024-01-11T10:00:00Z,1.16,52.0,26.0,10.0
2024-01-11T11:00:00Z,1.13,52.0,37.0,11.0
2024-01-11T12:00:00Z,1.03,44.0,59.0,11.0
2024-01-11T13:00:00Z,0.93,36.0,84.0,11.0
2024-01-11T14:00:00Z,0.81,30.0,103.0,10.0
2024-01-11T15:00:00Z,0.79,30.0,109.0,11.0
2024-01-11T16:00:00Z,0.84,31.0,111.0,11.0
2024-01-11T17:00:00Z,0.83,35.0,106.0,11.0
2024-01-11T18:00:00Z,0.95,56.0,73.0,10.0
2024-01-11T19:00:00Z,1.2,78.0,43.0,10.0
2024-01-11T20:00:00Z,1.31,84.0,30.0,10.0
2024-01-11T21:00:00Z,1.3,83.0,25.0,10.0
2024-01-11T22:00:00Z,1.31,84.0,20.0,10.0
2024-01-11T23:00:00Z,1.43,87.0,13.0,13.0
2024-01-12T00:00:00Z,1.54,89.0,10.0,9.0
2024-01-12T01:00:00Z,1.49,92.0,7.0,9.0
2024-01-12T02:00:00Z,1.32,87.0,7.0,9.0
2024-01-12T03:00:00Z,1.27,85.0,6.0,9.0
2024-01-12T04:00:00Z,1.25,81.0,8.0,9.0
2024-01-12T05:00:00Z,1.23,78.0,7.0,9.0
2024-01-12T06:00:00Z,1.24,76.0,6.0,10.0
2024-01-12T07:00:00Z,1.31,78.0,5.0,11.0
2024-01-12T08:00:00Z,1.36,78.0,5.0,12.0
2024-01-12T09:00:00Z,1.53,77.0,8.0,15.0
2024-01-12T10:00:00Z,1.46,83.0,15.0,19.0
2024-01-12T11:00:00Z,1.47,80.0,32.0,20.0
2024-01-12T12:00:00Z,1.46,74.0,56.0,18.0
2024-01-12T13:00:00Z,1.58,72.0,74.0,17.0
2024-01-12T14:00:00Z,1.5,68.0,90.0,16.0
2024-01-12T15:00:00Z,1.38,62.0,103.0,15.0
2024-01-12T16:00:00Z,1.28,61.0,108.0,14.0
2024-01-12T17:00:00Z,1.31,69.0,98.0,13.0
2024-01-12T18:00:00Z,1.47,86.0,73.0,13.0
2024-01-12T19:00:00Z,1.69,111.0,39.0,12.0
2024-01-12T20:00:00Z,1.66,106.0,38.0,12.0
2024-01-12T21:00:00Z,1.74,111.0,24.0,12.0
2024-01-12T22:00:00Z,1.73,109.0,19.0,12.0
2024-01-12T23:00:00Z,1.71,105.0,12.0,11.0
2024-01-13T00:00:00Z,1.68,101.0,10.0,12.0
2024-01-13T01:00:00Z,1.57,96.0,10.0,12.0
2024-01-13T02:00:00Z,1.55,91.0,10.0,10.0
2024-01-13T03:00:00Z,1.49,85.0,11.0,10.0
2024-01-13T04:00:00Z,1.44,80.0,9.0,10.0
2024-01-13T05:00:00Z,1.39,75.0,8.0,9.0
2024-01-13T06:00:00Z,1.35,70.0,8.0,8.0
2024-01-13T07:00:00Z,1.31,65.0,8.0,7.0
2024-01-13T08:00:00Z,1.3,59.0,8.0,7.0
2024-01-13T09:00:00Z,1.31,50.0,12.0,7.0
2024-01-13T10:00:00Z,1.29,47.0,18.0,7.0
2024-01-13T11:00:00Z,1.25,44.0,27.0,7.0
2024-01-13T12:00:00Z,1.25,42.0,41.0,8.0
2024-01-13T13:00:00Z,1.26,41.0,56.0,9.0
2024-01-13T14:00:00Z,1.23,39.0,76.0,10.0
2024-01-13T15:00:00Z,1.15,38.0,92.0,11.0
2024-01-13T16:00:00Z,1.07,40.0,99.0,11.0
2024-01-13T17:00:00Z,1.11,47.0,94.0,11.0
2024-01-13T18:00:00Z,1.18,67.0,68.0,10.0
2024-01-13T19:00:00Z,1.26,77.0,51.0,10.0
2024-01-13T20:00:00Z,1.28,72.0,51.0,10.0
2024-01-13T21:00:00Z,1.38,79.0,38.0,10.0
2024-01-13T22:00:00Z,1.36,73.0,36.0,10.0
2024-01-13T23:00:00Z,1.33,72.0,26.0,9.0
2024-01-14T00:00:00Z,1.35,73.0,17.0,9.0
2024-01-14T01:00:00Z,1.36,76.0,11.0,8.0
2024-01-14T02:00:00Z,1.43,76.0,9.0,8.0
2024-01-14T03:00:00Z,1.45,73.0,8.0,9.0
2024-01-14T04:00:00Z,1.4,70.0,5.0,8.0
2024-01-14T05:00:00Z,1.44,69.0,5.0,9.0
2024-01-14T06:00:00Z,1.46,69.0,5.0,8.0
2024-01-14T07:00:00Z,1.56,65.0,4.0,9.0
2024-01-14T08:00:00Z,1.63,59.0,10.0,13.0
2024-01-14T09:00:00Z,1.59,51.0,15.0,11.0
2024-01-14T10:00:00Z,1.71,52.0,21.0,11.0
2024-01-14T11:00:00Z,1.75,52.0,32.0,10.0
2024-01-14T12:00:00Z,1.65,46.0,47.0,9.0
2024-01-14T13:00:00Z,1.49,40.0,57.0,9.0
2024-01-14T14:00:00Z,1.3,39.0,50.0,10.0
2024-01-14T15:00:00Z,1.38,43.0,43.0,10.0
2024-01-14T16:00:00Z,1.34,45.0,39.0,9.0
2024-01-14T17:00:00Z,1.26,49.0,35.0,10.0
2024-01-14T18:00:00Z,1.26,59.0,25.0,9.0
2024-01-14T19:00:00Z,1.3,65.0,16.0,9.0
2024-01-14T20:00:00Z,0.79,48.0,32.0,8.0
2024-01-14T21:00:00Z,0.55,33.0,44.0,8.0
2024-01-14T22:00:00Z,0.5,32.0,43.0,8.0
2024-01-14T23:00:00Z,0.51,33.0,40.0,8.0
2024-01-15T00:00:00Z,0.49,31.0,40.0,9.0
2024-01-15T01:00:00Z,0.5,28.0,42.0,8.0
2024-01-15T02:00:00Z,0.49,27.0,45.0,8.0
2024-01-15T03:00:00Z,0.46,24.0,49.0,8.0
2024-01-15T04:00:00Z,0.49,24.0,48.0,7.0
2024-01-15T05:00:00Z,0.5,24.0,48.0,8.0
2024-01-15T06:00:00Z,0.47,25.0,46.0,7.0
2024-01-15T07:00:00Z,0.46,27.0,47.0,7.0
2024-01-15T08:00:00Z,0.55,33.0,42.0,7.0
2024-01-15T09:00:00Z,0.56,26.0,53.0,8.0
2024-01-15T10:00:00Z,0.54,21.0,63.0,9.0
2024-01-15T11:00:00Z,0.53,18.0,68.0,8.0
2024-01-15T12:00:00Z,0.54,17.0,71.0,8.0
2024-01-15T13:00:00Z,0.53,18.0,73.0,8.0
2024-01-15T14:00:00Z,0.54,19.0,74.0,8.0
2024-01-15T15:00:00Z,0.55,21.0,74.0,8.0
2024-01-15T16:00:00Z,0.55,23.0,73.0,9.0
2024-01-15T17:00:00Z,0.55,28.0,67.0,9.0
2024-01-15T18:00:00Z,0.63,38.0,55.0,9.0
2024-01-15T19:00:00Z,0.7,49.0,41.0,9.0
2024-01-15T20:00:00Z,0.7,46.0,42.0,8.0
2024-01-15T21:00:00Z,0.64,36.0,49.0,8.0
2024-01-15T22:00:00Z,0.64,37.0,46.0,9.0
2024-01-15T23:00:00Z,0.65,37.0,45.0,9.0
2024-01-16T00:00:00Z,0.71,37.0,42.0,10.0
2024-01-16T01:00:00Z,0.76,40.0,34.0,11.0
2024-01-16T02:00:00Z,0.71,45.0,25.0,9.0
2024-01-16T03:00:00Z,0.69,43.0,24.0,8.0
2024-01-16T04:00:00Z,0.6,37.0,29.0,7.0
2024-01-16T05:00:00Z,0.54,32.0,32.0,7.0
2024-01-16T06:00:00Z,0.56,29.0,35.0,7.0
2024-01-16T07:00:00Z,0.61,32.0,35.0,7.0
2024-01-16T08:00:00Z,0.74,37.0,30.0,8.0
2024-01-16T09:00:00Z,0.65,37.0,34.0,7.0
2024-01-16T10:00:00Z,0.63,32.0,40.0,8.0
2024-01-16T11:00:00Z,0.56,28.0,46.0,8.0
2024-01-16T12:00:00Z,0.51,29.0,49.0,7.0
2024-01-16T13:00:00Z,0.5,29.0,50.0,8.0
2024-01-16T14:00:00Z,0.51,32.0,44.0,7.0
2024-01-16T15:00:00Z,0.5,36.0,39.0,7.0
2024-01-16T16:00:00Z,0.51,37.0,36.0,7.0
2024-01-16T17:00:00Z,0.55,38.0,32.0,7.0
2024-01-16T18:00:00Z,0.54,36.0,30.0,7.0
2024-01-16T19:00:00Z,0.55,38.0,25.0,7.0
2024-01-16T20:00:00Z,0.6,40.0,19.0,6.0
2024-01-16T21:00:00Z,0.64,39.0,18.0,6.0
2024-01-16T22:00:00Z,0.64,40.0,16.0,6.0
2024-01-16T23:00:00Z,0.61,37.0,17.0,5.0
2024-01-17T00:00:00Z,0.57,33.0,19.0,5.0
2024-01-17T01:00:00Z,0.52,31.0,20.0,5.0
2024-01-17T02:00:00Z,0.51,33.0,16.0,5.0
2024-01-17T03:00:00Z,0.5,33.0,15.0,5.0
2024-01-17T04:00:00Z,0.51,32.0,15.0,5.0
2024-01-17T05:00:00Z,0.54,33.0,12.0,5.0
2024-01-17T06:00:00Z,0.57,36.0,9.0,6.0
2024-01-17T07:00:00Z,0.64,39.0,6.0,6.0
2024-01-17T08:00:00Z,0.71,40.0,6.0,6.0
2024-01-17T09:00:00Z,0.76,34.0,10.0,6.0
2024-01-17T10:00:00Z,0.75,28.0,19.0,6.0
2024-01-17T11:00:00Z,0.7,26.0,23.0,6.0
2024-01-17T12:00:00Z,0.76,27.0,25.0,5.0
2024-01-17T13:00:00Z,0.8,30.0,27.0,5.0
2024-01-17T14:00:00Z,0.76,29.0,33.0,5.0
2024-01-17T15:00:00Z,0.74,29.0,40.0,5.0
2024-01-17T16:00:00Z,0.76,29.0,43.0,5.0
2024-01-17T17:00:00Z,0.78,28.0,44.0,5.0
2024-01-17T18:00:00Z,0.74,26.0,47.0,5.0
2024-01-17T19:00:00Z,0.74,27.0,40.0,5.0
2024-01-17T20:00:00Z,0.78,29.0,32.0,5.0
2024-01-17T21:00:00Z,0.75,29.0,30.0,5.0
2024-01-17T22:00:00Z,0.79,29.0,29.0,5.0
2024-01-17T23:00:00Z,0.81,29.0,27.0,5.0
2024-01-18T00:00:00Z,0.82,32.0,22.0,5.0
2024-01-18T01:00:00Z,0.93,37.0,17.0,6.0
2024-01-18T02:00:00Z,0.96,38.0,16.0,6.0
2024-01-18T03:00:00Z,1.05,39.0,16.0,6.0
2024-01-18T04:00:00Z,1.15,42.0,10.0,6.0
2024-01-18T05:00:00Z,1.16,46.0,5.0,6.0
2024-01-18T06:00:00Z,1.18,47.0,6.0,6.0
2024-01-18T07:00:00Z,1.12,44.0,10.0,7.0
2024-01-18T08:00:00Z,0.89,36.0,18.0,6.0
2024-01-18T09:00:00Z,0.76,29.0,27.0,6.0
2024-01-18T10:00:00Z,0.79,29.0,27.0,6.0
2024-01-18T11:00:00Z,0.82,28.0,25.0,6.0
2024-01-18T12:00:00Z,0.84,29.0,26.0,5.0
2024-01-18T13:00:00Z,0.8,30.0,27.0,5.0
2024-01-18T14:00:00Z,0.8,33.0,27.0,6.0
2024-01-18T15:00:00Z,0.81,36.0,25.0,5.0
2024-01-18T16:00:00Z,0.84,39.0,20.0,5.0
2024-01-18T17:00:00Z,0.88,41.0,19.0,5.0
2024-01-18T18:00:00Z,0.88,41.0,18.0,6.0
2024-01-18T19:00:00Z,0.88,40.0,19.0,6.0
2024-01-18T20:00:00Z,0.84,38.0,20.0,6.0
2024-01-18T21:00:00Z,0.84,36.0,24.0,6.0
2024-01-18T22:00:00Z,0.79,30.0,31.0,6.0
2024-01-18T23:00:00Z,0.75,27.0,35.0,6.0
2024-01-19T00:00:00Z,0.67,25.0,37.0,6.0
2024-01-19T01:00:00Z,0.64,23.0,42.0,6.0
2024-01-19T02:00:00Z,0.61,20.0,46.0,5.0
2024-01-19T03:00:00Z,0.59,21.0,44.0,5.0
2024-01-19T04:00:00Z,0.59,22.0,41.0,5.0
2024-01-19T05:00:00Z,0.59,23.0,39.0,5.0
2024-01-19T06:00:00Z,0.6,25.0,39.0,5.0
2024-01-19T07:00:00Z,0.61,25.0,39.0,5.0
2024-01-19T08:00:00Z,0.6,26.0,39.0,6.0
2024-01-19T09:00:00Z,0.64,28.0,40.0,6.0
2024-01-19T10:00:00Z,0.64,27.0,41.0,5.0
2024-01-19T11:00:00Z,0.64,28.0,43.0,6.0
2024-01-19T12:00:00Z,0.61,28.0,43.0,6.0
2024-01-19T13:00:00Z,0.66,29.0,46.0,9.0
2024-01-19T14:00:00Z,0.64,30.0,47.0,8.0
2024-01-19T15:00:00Z,0.66,30.0,48.0,8.0
2024-01-19T16:00:00Z,0.68,34.0,42.0,8.0
2024-01-19T17:00:00Z,0.69,38.0,35.0,8.0
2024-01-19T18:00:00Z,0.75,38.0,32.0,9.0
2024-01-19T19:00:00Z,0.74,38.0,30.0,9.0
2024-01-19T20:00:00Z,0.73,39.0,27.0,9.0
2024-01-19T21:00:00Z,0.74,39.0,24.0,8.0
2024-01-19T22:00:00Z,0.74,37.0,25.0,8.0
2024-01-19T23:00:00Z,0.78,37.0,22.0,9.0
2024-01-20T00:00:00Z,0.81,33.0,23.0,8.0
2024-01-20T01:00:00Z,0.81,35.0,18.0,8.0
2024-01-20T02:00:00Z,0.79,33.0,19.0,7.0
2024-01-20T03:00:00Z,0.77,30.0,23.0,7.0
2024-01-20T04:00:00Z,0.74,30.0,23.0,7.0
2024-01-20T05:00:00Z,0.76,29.0,22.0,6.0
2024-01-20T06:00:00Z,0.74,31.0,18.0,6.0
2024-01-20T07:00:00Z,0.72,29.0,18.0,6.0
2024-01-20T08:00:00Z,0.71,27.0,22.0,6.0
2024-01-20T09:00:00Z,0.66,24.0,26.0,7.0
2024-01-20T10:00:00Z,0.65,24.0,29.0,7.0
2024-01-20T11:00:00Z,0.69,23.0,33.0,7.0
2024-01-20T12:00:00Z,0.66,23.0,35.0,7.0
2024-01-20T13:00:00Z,0.7,25.0,34.0,6.0
2024-01-20T14:00:00Z,0.74,27.0,32.0,6.0
2024-01-20T15:00:00Z,0.76,30.0,29.0,7.0
2024-01-20T16:00:00Z,0.76,37.0,22.0,7.0
2024-01-20T17:00:00Z,0.81,39.0,20.0,7.0
2024-01-20T18:00:00Z,0.83,39.0,20.0,7.0
2024-01-20T19:00:00Z,0.8,35.0,24.0,6.0
2024-01-20T20:00:00Z,0.81,33.0,23.0,6.0
2024-01-20T21:00:00Z,0.8,31.0,24.0,6.0
2024-01-20T22:00:00Z,0.79,33.0,20.0,6.0
2024-01-20T23:00:00Z,0.81,36.0,14.0,7.0
2024-01-21T00:00:00Z,0.81,38.0,10.0,7.0
2024-01-21T01:00:00Z,0.86,38.0,9.0,7.0
2024-01-21T02:00:00Z,0.84,36.0,11.0,7.0
2024-01-21T03:00:00Z,0.84,34.0,12.0,7.0
2024-01-21T04:00:00Z,0.84,34.0,12.0,7.0
2024-01-21T05:00:00Z,0.89,34.0,12.0,7.0
2024-01-21T06:00:00Z,0.89,34.0,14.0,7.0
2024-01-21T07:00:00Z,0.76,28.0,26.0,7.0
2024-01-21T08:00:00Z,0.69,24.0,39.0,7.0
2024-01-21T09:00:00Z,0.67,24.0,43.0,8.0
2024-01-21T10:00:00Z,0.7,22.0,49.0,9.0
2024-01-21T11:00:00Z,0.81,22.0,52.0,10.0
2024-01-21T12:00:00Z,0.84,23.0,52.0,9.0
2024-01-21T13:00:00Z,0.85,23.0,60.0,9.0
2024-01-21T14:00:00Z,0.83,22.0,66.0,11.0
2024-01-21T15:00:00Z,0.79,23.0,64.0,10.0
2024-01-21T16:00:00Z,0.84,26.0,57.0,9.0
2024-01-21T17:00:00Z,0.81,29.0,51.0,8.0
2024-01-21T18:00:00Z,0.7,25.0,54.0,8.0
2024-01-21T19:00:00Z,0.59,19.0,59.0,8.0
2024-01-21T20:00:00Z,0.56,18.0,58.0,7.0
2024-01-21T21:00:00Z,0.56,19.0,55.0,7.0
2024-01-21T22:00:00Z,0.59,21.0,49.0,7.0
2024-01-21T23:00:00Z,0.51,14.0,62.0,6.0
2024-01-22T00:00:00Z,0.51,12.0,65.0,6.0
2024-01-22T01:00:00Z,0.49,12.0,63.0,7.0
2024-01-22T02:00:00Z,0.51,13.0,61.0,8.0
2024-01-22T03:00:00Z,0.54,14.0,58.0,7.0
2024-01-22T04:00:00Z,0.55,17.0,53.0,6.0
2024-01-22T05:00:00Z,0.55,22.0,41.0,6.0
2024-01-22T06:00:00Z,0.6,26.0,36.0,7.0
2024-01-22T07:00:00Z,0.59,20.0,47.0,7.0
2024-01-22T08:00:00Z,0.54,14.0,61.0,6.0
2024-01-22T09:00:00Z,0.54,14.0,63.0,7.0
2024-01-22T10:00:00Z,0.55,14.0,65.0,6.0
2024-01-22T11:00:00Z,0.54,13.0,67.0,6.0
2024-01-22T12:00:00Z,0.52,12.0,71.0,6.0
2024-01-22T13:00:00Z,0.5,13.0,71.0,6.0
2024-01-22T14:00:00Z,0.5,14.0,70.0,6.0
2024-01-22T15:00:00Z,0.48,16.0,67.0,6.0
2024-01-22T16:00:00Z,0.51,19.0,61.0,6.0
2024-01-22T17:00:00Z,0.51,22.0,56.0,6.0
2024-01-22T18:00:00Z,0.54,24.0,51.0,7.0
2024-01-22T19:00:00Z,0.53,24.0,50.0,7.0
2024-01-22T20:00:00Z,0.56,25.0,46.0,8.0
2024-01-22T21:00:00Z,0.59,26.0,43.0,7.0
2024-01-22T22:00:00Z,0.56,27.0,40.0,7.0
2024-01-22T23:00:00Z,0.63,25.0,40.0,8.0
2024-01-23T00:00:00Z,0.69,28.0,35.0,8.0
2024-01-23T01:00:00Z,0.75,30.0,32.0,9.0
2024-01-23T02:00:00Z,0.68,29.0,31.0,8.0
2024-01-23T03:00:00Z,0.65,27.0,32.0,9.0
2024-01-23T04:00:00Z,0.64,24.0,36.0,8.0
2024-01-23T05:00:00Z,0.63,27.0,33.0,9.0
2024-01-23T06:00:00Z,0.69,32.0,29.0,9.0
2024-01-23T07:00:00Z,0.67,27.0,40.0,10.0
2024-01-23T08:00:00Z,0.66,21.0,52.0,9.0
2024-01-23T09:00:00Z,0.63,17.0,61.0,9.0
2024-01-23T10:00:00Z,0.6,14.0,68.0,8.0
2024-01-23T11:00:00Z,0.65,14.0,70.0,8.0
2024-01-23T12:00:00Z,0.64,13.0,73.0,8.0
2024-01-23T13:00:00Z,0.63,15.0,72.0,8.0
2024-01-23T14:00:00Z,0.63,16.0,71.0,9.0
2024-01-23T15:00:00Z,0.61,18.0,68.0,8.0
2024-01-23T16:00:00Z,0.65,22.0,62.0,8.0
2024-01-23T17:00:00Z,0.71,27.0,54.0,8.0
2024-01-23T18:00:00Z,0.71,25.0,54.0,9.0
2024-01-23T19:00:00Z,0.67,25.0,53.0,9.0
2024-01-23T20:00:00Z,0.69,26.0,50.0,9.0
2024-01-23T21:00:00Z,0.69,28.0,45.0,10.0
2024-01-23T22:00:00Z,0.71,30.0,42.0,10.0
2024-01-23T23:00:00Z,0.67,31.0,39.0,10.0
2024-01-24T00:00:00Z,0.71,34.0,34.0,11.0
2024-01-24T01:00:00Z,0.74,36.0,31.0,11.0
2024-01-24T02:00:00Z,0.76,38.0,27.0,11.0
2024-01-24T03:00:00Z,0.81,44.0,18.0,10.0
2024-01-24T04:00:00Z,0.84,47.0,14.0,10.0
2024-01-24T05:00:00Z,0.87,52.0,8.0,9.0
2024-01-24T06:00:00Z,0.95,52.0,9.0,9.0
2024-01-24T07:00:00Z,1.03,49.0,18.0,11.0
2024-01-24T08:00:00Z,0.9,36.0,38.0,12.0
2024-01-24T09:00:00Z,0.79,30.0,50.0,12.0
2024-01-24T10:00:00Z,0.76,26.0,56.0,11.0
2024-01-24T11:00:00Z,0.71,25.0,61.0,10.0
2024-01-24T12:00:00Z,0.6,21.0,68.0,10.0
2024-01-24T13:00:00Z,0.59,19.0,70.0,10.0
2024-01-24T14:00:00Z,0.56,19.0,71.0,10.0
2024-01-24T15:00:00Z,0.57,23.0,68.0,10.0
2024-01-24T16:00:00Z,0.68,33.0,56.0,10.0
2024-01-24T17:00:00Z,0.8,49.0,37.0,9.0
2024-01-24T18:00:00Z,0.91,64.0,19.0,9.0
2024-01-24T19:00:00Z,0.98,66.0,13.0,10.0
2024-01-24T20:00:00Z,1.06,66.0,9.0,9.0
2024-01-24T21:00:00Z,1.1,68.0,7.0,10.0
2024-01-24T22:00:00Z,1.05,64.0,8.0,10.0
2024-01-24T23:00:00Z,1.0,63.0,7.0,10.0
2024-01-25T00:00:00Z,0.98,61.0,7.0,10.0
2024-01-25T01:00:00Z,1.0,60.0,5.0,9.0
2024-01-25T02:00:00Z,0.96,59.0,4.0,9.0
2024-01-25T03:00:00Z,0.99,59.0,3.0,9.0
2024-01-25T04:00:00Z,0.99,59.0,4.0,9.0
2024-01-25T05:00:00Z,1.03,59.0,4.0,9.0
2024-01-25T06:00:00Z,1.1,59.0,5.0,9.0
2024-01-25T07:00:00Z,1.25,57.0,10.0,11.0
2024-01-25T08:00:00Z,1.16,56.0,21.0,13.0
2024-01-25T09:00:00Z,1.0,45.0,40.0,13.0
2024-01-25T10:00:00Z,0.81,31.0,63.0,13.0
2024-01-25T11:00:00Z,0.67,26.0,75.0,12.0
2024-01-25T12:00:00Z,0.63,22.0,82.0,12.0
2024-01-25T13:00:00Z,0.65,22.0,84.0,11.0
2024-01-25T14:00:00Z,0.64,22.0,86.0,11.0
2024-01-25T15:00:00Z,0.66,24.0,82.0,11.0
2024-01-25T16:00:00Z,0.69,33.0,68.0,10.0
2024-01-25T17:00:00Z,0.8,48.0,44.0,10.0
2024-01-25T18:00:00Z,0.91,64.0,23.0,9.0
2024-01-25T19:00:00Z,1.02,70.0,15.0,10.0
2024-01-25T20:00:00Z,1.0,64.0,16.0,10.0
2024-01-25T21:00:00Z,1.03,66.0,11.0,10.0
2024-01-25T22:00:00Z,1.06,67.0,8.0,9.0
2024-01-25T23:00:00Z,1.05,65.0,7.0,9.0
2024-01-26T00:00:00Z,1.03,64.0,7.0,10.0
2024-01-26T01:00:00Z,0.97,61.0,9.0,10.0
2024-01-26T02:00:00Z,1.0,63.0,6.0,9.0
2024-01-26T03:00:00Z,1.0,62.0,5.0,9.0
2024-01-26T04:00:00Z,1.0,62.0,6.0,9.0
2024-01-26T05:00:00Z,1.02,61.0,4.0,9.0
2024-01-26T06:00:00Z,1.22,62.0,5.0,10.0
2024-01-26T07:00:00Z,1.49,62.0,7.0,12.0
2024-01-26T08:00:00Z,1.25,58.0,21.0,15.0
2024-01-26T09:00:00Z,0.99,42.0,43.0,15.0
2024-01-26T10:00:00Z,0.84,34.0,58.0,13.0
2024-01-26T11:00:00Z,0.76,28.0,71.0,11.0
2024-01-26T12:00:00Z,0.68,26.0,74.0,11.0
2024-01-26T13:00:00Z,0.68,28.0,75.0,11.0
2024-01-26T14:00:00Z,0.65,29.0,75.0,10.0
2024-01-26T15:00:00Z,0.63,31.0,73.0,10.0
2024-01-26T16:00:00Z,0.72,45.0,55.0,10.0
2024-01-26T17:00:00Z,0.84,65.0,28.0,10.0
2024-01-26T18:00:00Z,1.02,74.0,15.0,10.0
2024-01-26T19:00:00Z,1.17,76.0,9.0,10.0
2024-01-26T20:00:00Z,1.25,74.0,9.0,11.0
2024-01-26T21:00:00Z,1.31,72.0,7.0,9.0
2024-01-26T22:00:00Z,1.33,70.0,6.0,9.0
2024-01-26T23:00:00Z,1.24,66.0,8.0,9.0
2024-01-27T00:00:00Z,1.11,67.0,5.0,9.0
2024-01-27T01:00:00Z,1.03,64.0,4.0,8.0
2024-01-27T02:00:00Z,0.98,63.0,4.0,8.0
2024-01-27T03:00:00Z,0.98,59.0,4.0,8.0
2024-01-27T04:00:00Z,0.9,60.0,3.0,8.0
2024-01-27T05:00:00Z,0.97,61.0,4.0,9.0
2024-01-27T06:00:00Z,1.03,64.0,5.0,10.0
2024-01-27T07:00:00Z,1.19,62.0,7.0,11.0
2024-01-27T08:00:00Z,1.26,69.0,13.0,13.0
2024-01-27T09:00:00Z,1.07,62.0,26.0,14.0
2024-01-27T10:00:00Z,0.95,54.0,43.0,16.0
2024-01-27T11:00:00Z,0.77,34.0,70.0,13.0
2024-01-27T12:00:00Z,0.71,28.0,81.0,12.0
2024-01-27T13:00:00Z,0.69,26.0,87.0,12.0
2024-01-27T14:00:00Z,0.69,27.0,86.0,12.0
2024-01-27T15:00:00Z,0.71,29.0,82.0,12.0
2024-01-27T16:00:00Z,0.86,42.0,64.0,13.0
2024-01-27T17:00:00Z,1.04,51.0,51.0,14.0
2024-01-27T18:00:00Z,1.09,52.0,48.0,14.0
2024-01-27T19:00:00Z,1.1,57.0,39.0,15.0
2024-01-27T20:00:00Z,1.23,72.0,21.0,15.0
2024-01-27T21:00:00Z,1.23,69.0,20.0,16.0
2024-01-27T22:00:00Z,1.17,61.0,20.0,15.0
2024-01-27T23:00:00Z,1.16,62.0,15.0,15.0
2024-01-28T00:00:00Z,1.17,64.0,12.0,15.0
2024-01-28T01:00:00Z,1.11,62.0,11.0,15.0
2024-01-28T02:00:00Z,1.11,64.0,7.0,15.0
2024-01-28T03:00:00Z,1.19,66.0,5.0,17.0
2024-01-28T04:00:00Z,1.23,66.0,4.0,17.0
2024-01-28T05:00:00Z,1.29,64.0,4.0,14.0
2024-01-28T06:00:00Z,1.37,63.0,4.0,14.0
2024-01-28T07:00:00Z,1.4,60.0,9.0,15.0
2024-01-28T08:00:00Z,1.34,59.0,19.0,17.0
2024-01-28T09:00:00Z,1.13,49.0,39.0,19.0
2024-01-28T10:00:00Z,1.09,43.0,56.0,18.0
2024-01-28T11:00:00Z,0.94,33.0,72.0,16.0
2024-01-28T12:00:00Z,0.83,28.0,83.0,14.0
2024-01-28T13:00:00Z,0.79,27.0,90.0,14.0
2024-01-28T14:00:00Z,0.77,28.0,91.0,13.0
2024-01-28T15:00:00Z,0.76,32.0,89.0,13.0
2024-01-28T16:00:00Z,0.81,38.0,81.0,13.0
2024-01-28T17:00:00Z,0.91,49.0,64.0,13.0
2024-01-28T18:00:00Z,1.0,63.0,44.0,13.0
2024-01-28T19:00:00Z,1.06,66.0,37.0,13.0
2024-01-28T20:00:00Z,1.04,58.0,48.0,13.0
2024-01-28T21:00:00Z,1.03,56.0,38.0,12.0
2024-01-28T22:00:00Z,1.01,52.0,39.0,12.0
2024-01-28T23:00:00Z,0.99,51.0,39.0,12.0
2024-01-29T00:00:00Z,0.97,51.0,36.0,12.0
2024-01-29T01:00:00Z,1.0,50.0,35.0,12.0
2024-01-29T02:00:00Z,1.01,56.0,23.0,11.0
2024-01-29T03:00:00Z,1.03,59.0,23.0,11.0
2024-01-29T04:00:00Z,1.01,61.0,17.0,10.0
2024-01-29T05:00:00Z,1.07,67.0,12.0,10.0
2024-01-29T06:00:00Z,1.19,70.0,8.0,11.0
2024-01-29T07:00:00Z,1.17,63.0,14.0,12.0
2024-01-29T08:00:00Z,1.1,56.0,30.0,15.0
2024-01-29T09:00:00Z,1.17,50.0,48.0,15.0
2024-01-29T10:00:00Z,1.1,42.0,67.0,15.0
2024-01-29T11:00:00Z,1.01,33.0,88.0,14.0
2024-01-29T12:00:00Z,0.96,32.0,100.0,14.0
2024-01-29T13:00:00Z,0.91,32.0,102.0,14.0
2024-01-29T14:00:00Z,0.93,33.0,101.0,13.0
2024-01-29T15:00:00Z,1.06,42.0,94.0,14.0
2024-01-29T16:00:00Z,1.1,49.0,81.0,13.0
2024-01-29T17:00:00Z,1.14,55.0,70.0,13.0
2024-01-29T18:00:00Z,1.18,63.0,57.0,13.0
2024-01-29T19:00:00Z,1.26,66.0,49.0,13.0
2024-01-29T20:00:00Z,1.35,66.0,45.0,13.0
2024-01-29T21:00:00Z,1.38,61.0,46.0,13.0
2024-01-29T22:00:00Z,1.33,53.0,51.0,13.0
2024-01-29T23:00:00Z,1.25,46.0,53.0,11.0
2024-01-30T00:00:00Z,1.13,38.0,58.0,10.0
2024-01-30T01:00:00Z,1.08,33.0,62.0,9.0
2024-01-30T02:00:00Z,1.0,31.0,64.0,9.0
2024-01-30T03:00:00Z,0.95,30.0,64.0,9.0
2024-01-30T04:00:00Z,0.98,30.0,63.0,9.0
2024-01-30T05:00:00Z,0.98,33.0,56.0,8.0
2024-01-30T06:00:00Z,1.04,36.0,52.0,8.0
2024-01-30T07:00:00Z,1.1,40.0,47.0,8.0
2024-01-30T08:00:00Z,1.1,42.0,44.0,8.0
2024-01-30T09:00:00Z,1.08,42.0,45.0,9.0
2024-01-30T10:00:00Z,1.06,37.0,54.0,10.0
2024-01-30T11:00:00Z,1.04,35.0,61.0,11.0
2024-01-30T12:00:00Z,1.02,31.0,70.0,10.0
2024-01-30T13:00:00Z,0.95,30.0,74.0,10.0
2024-01-30T14:00:00Z,0.95,29.0,77.0,9.0
2024-01-30T15:00:00Z,0.95,36.0,67.0,8.0
2024-01-30T16:00:00Z,0.99,42.0,51.0,8.0
2024-01-30T17:00:00Z,1.06,44.0,40.0,7.0
2024-01-30T18:00:00Z,1.03,44.0,30.0,7.0
2024-01-30T19:00:00Z,1.01,41.0,29.0,7.0
2024-01-30T20:00:00Z,1.03,40.0,26.0,7.0
2024-01-30T21:00:00Z,1.05,41.0,23.0,7.0
2024-01-30T22:00:00Z,1.01,38.0,24.0,7.0
2024-01-30T23:00:00Z,0.94,37.0,23.0,7.0
2024-01-31T00:00:00Z,0.91,32.0,28.0,7.0
2024-01-31T01:00:00Z,0.85,23.0,39.0,6.0
2024-01-31T02:00:00Z,0.85,22.0,41.0,6.0
2024-01-31T03:00:00Z,0.85,22.0,38.0,6.0
2024-01-31T04:00:00Z,0.9,27.0,29.0,6.0
2024-01-31T05:00:00Z,0.93,31.0,24.0,6.0
2024-01-31T06:00:00Z,0.94,34.0,20.0,6.0
2024-01-31T07:00:00Z,0.95,35.0,22.0,7.0
2024-01-31T08:00:00Z,0.94,35.0,25.0,6.0
2024-01-31T09:00:00Z,0.94,34.0,35.0,6.0
2024-01-31T10:00:00Z,0.96,30.0,44.0,7.0
2024-01-31T11:00:00Z,0.97,29.0,46.0,6.0
2024-01-31T12:00:00Z,0.97,29.0,46.0,6.0
2024-01-31T13:00:00Z,1.05,31.0,46.0,7.0
2024-01-31T14:00:00Z,1.13,33.0,46.0,7.0
2024-01-31T15:00:00Z,1.09,35.0,43.0,7.0
2024-01-31T16:00:00Z,1.02,36.0,41.0,6.0
2024-01-31T17:00:00Z,1.04,34.0,39.0,6.0
2024-01-31T18:00:00Z,1.15,36.0,32.0,6.0
2024-01-31T19:00:00Z,1.11,40.0,23.0,6.0
2024-01-31T20:00:00Z,0.94,28.0,35.0,6.0
2024-01-31T21:00:00Z,0.86,25.0,41.0,6.0
2024-01-31T22:00:00Z,0.8,22.0,49.0,6.0
2024-01-31T23:00:00Z,0.79,20.0,59.0,6.0
2024-02-01T00:00:00Z,0.85,19.0,68.0,6.0
2024-02-01T01:00:00Z,0.84,18.0,72.0,6.0
2024-02-01T02:00:00Z,0.78,17.0,68.0,6.0
2024-02-01T03:00:00Z,0.67,15.0,69.0,5.0
2024-02-01T04:00:00Z,0.57,12.0,74.0,5.0
2024-02-01T05:00:00Z,0.49,11.0,73.0,5.0
2024-02-01T06:00:00Z,0.54,12.0,68.0,5.0
2024-02-01T07:00:00Z,0.55,13.0,67.0,5.0
2024-02-01T08:00:00Z,0.54,13.0,68.0,6.0
2024-02-01T09:00:00Z,0.49,16.0,66.0,6.0
2024-02-01T10:00:00Z,0.53,16.0,68.0,6.0
2024-02-01T11:00:00Z,0.53,16.0,68.0,7.0
2024-02-01T12:00:00Z,0.52,16.0,67.0,9.0
2024-02-01T13:00:00Z,0.53,19.0,64.0,8.0
2024-02-01T14:00:00Z,0.55,20.0,63.0,8.0
2024-02-01T15:00:00Z,0.51,20.0,64.0,8.0
2024-02-01T16:00:00Z,0.53,22.0,61.0,8.0
2024-02-01T17:00:00Z,0.55,23.0,58.0,8.0
2024-02-01T18:00:00Z,0.54,21.0,59.0,9.0
2024-02-01T19:00:00Z,0.55,19.0,58.0,8.0
2024-02-01T20:00:00Z,0.55,20.0,54.0,8.0
2024-02-01T21:00:00Z,0.55,21.0,50.0,7.0
2024-02-01T22:00:00Z,0.55,21.0,47.0,8.0
2024-02-01T23:00:00Z,0.55,20.0,48.0,8.0
2024-02-02T00:00:00Z,0.57,18.0,51.0,8.0
2024-02-02T01:00:00Z,0.57,16.0,53.0,8.0
2024-02-02T02:00:00Z,0.59,16.0,53.0,8.0
2024-02-02T03:00:00Z,0.55,15.0,54.0,8.0
2024-02-02T04:00:00Z,0.59,15.0,54.0,8.0
2024-02-02T05:00:00Z,0.59,17.0,50.0,8.0
2024-02-02T06:00:00Z,0.6,19.0,47.0,8.0
2024-02-02T07:00:00Z,0.6,20.0,47.0,8.0
2024-02-02T08:00:00Z,0.6,20.0,50.0,8.0
2024-02-02T09:00:00Z,0.6,20.0,53.0,8.0
2024-02-02T10:00:00Z,0.64,19.0,56.0,9.0
2024-02-02T11:00:00Z,0.66,20.0,58.0,8.0
2024-02-02T12:00:00Z,0.66,20.0,59.0,9.0
2024-02-02T13:00:00Z,0.69,23.0,57.0,9.0
2024-02-02T14:00:00Z,0.66,26.0,54.0,9.0
2024-02-02T15:00:00Z,0.67,29.0,51.0,10.0
2024-02-02T16:00:00Z,0.69,29.0,51.0,9.0
2024-02-02T17:00:00Z,0.7,29.0,50.0,10.0
2024-02-02T18:00:00Z,0.71,30.0,47.0,11.0
2024-02-02T19:00:00Z,0.75,31.0,43.0,12.0
2024-02-02T20:00:00Z,0.75,31.0,42.0,13.0
2024-02-02T21:00:00Z,0.74,29.0,43.0,12.0
2024-02-02T22:00:00Z,0.74,28.0,42.0,10.0
2024-02-02T23:00:00Z,0.73,27.0,40.0,9.0
2024-02-03T00:00:00Z,0.78,27.0,38.0,9.0
2024-02-03T01:00:00Z,0.85,28.0,37.0,10.0
2024-02-03T02:00:00Z,0.81,25.0,39.0,10.0
2024-02-03T03:00:00Z,0.75,23.0,40.0,10.0
2024-02-03T04:00:00Z,0.77,24.0,36.0,9.0
2024-02-03T05:00:00Z,0.79,24.0,39.0,10.0
2024-02-03T06:00:00Z,0.8,22.0,44.0,11.0
2024-02-03T07:00:00Z,0.78,21.0,49.0,10.0
2024-02-03T08:00:00Z,0.72,19.0,57.0,11.0
2024-02-03T09:00:00Z,0.68,19.0,59.0,10.0
2024-02-03T10:00:00Z,0.72,19.0,58.0,11.0
2024-02-03T11:00:00Z,0.67,19.0,61.0,10.0
2024-02-03T12:00:00Z,0.66,19.0,65.0,10.0
2024-02-03T13:00:00Z,0.66,18.0,69.0,9.0
2024-02-03T14:00:00Z,0.66,20.0,70.0,9.0
2024-02-03T15:00:00Z,0.64,23.0,66.0,8.0
2024-02-03T16:00:00Z,0.65,24.0,63.0,7.0
2024-02-03T17:00:00Z,0.69,26.0,58.0,8.0
2024-02-03T18:00:00Z,0.75,30.0,50.0,7.0
2024-02-03T19:00:00Z,0.78,31.0,47.0,8.0
2024-02-03T20:00:00Z,0.8,31.0,41.0,7.0
2024-02-03T21:00:00Z,0.86,33.0,35.0,7.0
2024-02-03T22:00:00Z,0.9,33.0,32.0,7.0
2024-02-03T23:00:00Z,0.9,33.0,30.0,8.0
2024-02-04T00:00:00Z,0.91,33.0,31.0,8.0
2024-02-04T01:00:00Z,0.91,32.0,31.0,9.0
2024-02-04T02:00:00Z,0.85,31.0,30.0,9.0
2024-02-04T03:00:00Z,0.81,28.0,36.0,9.0
2024-02-04T04:00:00Z,0.7,24.0,44.0,9.0
2024-02-04T05:00:00Z,0.61,21.0,50.0,9.0
2024-02-04T06:00:00Z,0.61,19.0,53.0,8.0
2024-02-04T07:00:00Z,0.64,21.0,53.0,8.0
2024-02-04T08:00:00Z,0.62,20.0,55.0,8.0
2024-02-04T09:00:00Z,0.61,21.0,59.0,8.0
2024-02-04T10:00:00Z,0.61,20.0,62.0,7.0
2024-02-04T11:00:00Z,0.61,21.0,63.0,7.0
2024-02-04T12:00:00Z,0.6,23.0,62.0,7.0
2024-02-04T13:00:00Z,0.62,22.0,64.0,7.0
2024-02-04T14:00:00Z,0.62,23.0,63.0,7.0
2024-02-04T15:00:00Z,0.65,24.0,62.0,8.0
2024-02-04T16:00:00Z,0.66,25.0,59.0,7.0
2024-02-04T17:00:00Z,0.64,23.0,56.0,6.0
2024-02-04T18:00:00Z,0.61,24.0,53.0,7.0
2024-02-04T19:00:00Z,0.63,23.0,52.0,7.0
2024-02-04T20:00:00Z,0.63,22.0,54.0,7.0
2024-02-04T21:00:00Z,0.71,22.0,53.0,7.0
2024-02-04T22:00:00Z,0.82,22.0,52.0,7.0
2024-02-04T23:00:00Z,0.77,20.0,53.0,7.0
2024-02-05T00:00:00Z,0.75,21.0,48.0,6.0
2024-02-05T01:00:00Z,0.76,22.0,44.0,6.0
2024-02-05T02:00:00Z,0.72,21.0,44.0,6.0
2024-02-05T03:00:00Z,0.7,21.0,43.0,6.0
2024-02-05T04:00:00Z,0.68,19.0,47.0,6.0
2024-02-05T05:00:00Z,0.66,19.0,47.0,6.0
2024-02-05T06:00:00Z,0.68,18.0,49.0,6.0
2024-02-05T07:00:00Z,0.61,15.0,53.0,6.0
2024-02-05T08:00:00Z,0.65,15.0,54.0,6.0
2024-02-05T09:00:00Z,0.65,15.0,57.0,6.0
2024-02-05T10:00:00Z,0.65,14.0,62.0,6.0
2024-02-05T11:00:00Z,0.61,14.0,65.0,6.0
2024-02-05T12:00:00Z,0.6,13.0,73.0,6.0
2024-02-05T13:00:00Z,0.6,12.0,83.0,6.0
2024-02-05T14:00:00Z,0.61,12.0,87.0,6.0
2024-02-05T15:00:00Z,0.61,13.0,89.0,5.0
2024-02-05T16:00:00Z,0.68,18.0,90.0,6.0
2024-02-05T17:00:00Z,0.71,21.0,87.0,6.0
2024-02-05T18:00:00Z,0.72,21.0,86.0,6.0
2024-02-05T19:00:00Z,0.75,24.0,82.0,6.0
2024-02-05T20:00:00Z,0.78,27.0,76.0,7.0
2024-02-05T21:00:00Z,0.81,28.0,73.0,6.0
2024-02-05T22:00:00Z,0.82,27.0,73.0,6.0
2024-02-05T23:00:00Z,0.84,26.0,73.0,6.0
2024-02-06T00:00:00Z,0.81,23.0,74.0,6.0
2024-02-06T01:00:00Z,0.82,24.0,68.0,6.0
2024-02-06T02:00:00Z,0.84,27.0,62.0,6.0
2024-02-06T03:00:00Z,0.86,29.0,55.0,6.0
2024-02-06T04:00:00Z,0.93,30.0,48.0,6.0
2024-02-06T05:00:00Z,0.96,31.0,47.0,6.0
2024-02-06T06:00:00Z,1.05,35.0,42.0,6.0
2024-02-06T07:00:00Z,1.2,40.0,40.0,8.0
2024-02-06T08:00:00Z,1.25,38.0,52.0,11.0
2024-02-06T09:00:00Z,1.24,36.0,66.0,13.0
2024-02-06T10:00:00Z,1.13,34.0,83.0,13.0
2024-02-06T11:00:00Z,0.96,25.0,96.0,12.0
2024-02-06T12:00:00Z,0.96,23.0,103.0,12.0
2024-02-06T13:00:00Z,1.0,22.0,107.0,12.0
2024-02-06T15:00:00Z,0.96,22.0,105.0,11.0
2024-02-06T16:00:00Z,1.11,27.0,96.0,12.0
2024-02-06T17:00:00Z,1.33,36.0,82.0,12.0
2024-02-06T18:00:00Z,1.41,45.0,65.0,13.0
2024-02-06T19:00:00Z,1.54,52.0,49.0,11.0
2024-02-06T20:00:00Z,1.56,59.0,37.0,11.0
2024-02-06T21:00:00Z,1.64,69.0,23.0,9.0
2024-02-06T22:00:00Z,1.66,71.0,16.0,9.0
2024-02-06T23:00:00Z,1.61,63.0,26.0,9.0
2024-02-07T00:00:00Z,1.43,50.0,47.0,9.0
2024-02-07T01:00:00Z,1.35,37.0,64.0,10.0
2024-02-07T02:00:00Z,1.29,33.0,70.0,10.0
2024-02-07T03:00:00Z,1.29,30.0,68.0,10.0
2024-02-07T04:00:00Z,1.35,31.0,61.0,11.0
2024-02-07T05:00:00Z,1.38,34.0,52.0,12.0
2024-02-07T06:00:00Z,1.45,48.0,34.0,10.0
2024-02-07T07:00:00Z,1.52,43.0,39.0,11.0
2024-02-07T08:00:00Z,1.49,38.0,52.0,11.0
2024-02-07T09:00:00Z,1.36,32.0,69.0,11.0
2024-02-07T10:00:00Z,1.21,26.0,85.0,11.0
2024-02-07T11:00:00Z,1.09,21.0,98.0,11.0
2024-02-07T12:00:00Z,1.05,21.0,109.0,12.0
2024-02-07T13:00:00Z,1.1,22.0,115.0,12.0
2024-02-07T14:00:00Z,1.15,21.0,120.0,12.0
2024-02-07T15:00:00Z,1.2,21.0,121.0,11.0
2024-02-07T16:00:00Z,1.2,24.0,118.0,10.0
2024-02-07T17:00:00Z,1.34,34.0,104.0,10.0
2024-02-07T18:00:00Z,1.43,39.0,87.0,10.0
2024-02-07T19:00:00Z,1.41,36.0,86.0,9.0
2024-02-07T20:00:00Z,1.36,36.0,82.0,10.0
2024-02-07T21:00:00Z,1.35,37.0,74.0,9.0
2024-02-07T22:00:00Z,1.31,35.0,71.0,9.0
2024-02-07T23:00:00Z,1.24,27.0,67.0,9.0
2024-02-08T00:00:00Z,1.19,28.0,70.0,8.0
2024-02-08T01:00:00Z,1.19,26.0,74.0,8.0
2024-02-08T02:00:00Z,1.2,24.0,72.0,8.0
2024-02-08T03:00:00Z,1.28,24.0,73.0,9.0
2024-02-08T04:00:00Z,1.32,24.0,70.0,9.0
2024-02-08T05:00:00Z,1.32,27.0,63.0,8.0
2024-02-08T06:00:00Z,1.41,39.0,46.0,8.0
2024-02-08T07:00:00Z,1.51,40.0,46.0,9.0
2024-02-08T08:00:00Z,1.51,35.0,56.0,11.0
2024-02-08T09:00:00Z,1.39,28.0,74.0,12.0
2024-02-08T10:00:00Z,1.21,23.0,91.0,12.0
2024-02-08T11:00:00Z,1.11,19.0,106.0,11.0
2024-02-08T12:00:00Z,1.03,16.0,113.0,10.0
2024-02-08T13:00:00Z,1.03,16.0,116.0,10.0
2024-02-08T14:00:00Z,0.93,15.0,118.0,9.0
2024-02-08T15:00:00Z,0.93,17.0,115.0,9.0
2024-02-08T16:00:00Z,1.04,22.0,105.0,8.0
2024-02-08T17:00:00Z,1.18,32.0,89.0,8.0
2024-02-08T18:00:00Z,1.3,44.0,69.0,9.0
2024-02-08T19:00:00Z,1.34,45.0,68.0,9.0
2024-02-08T20:00:00Z,1.38,33.0,89.0,9.0
2024-02-08T21:00:00Z,1.34,30.0,90.0,9.0
2024-02-08T22:00:00Z,1.28,29.0,83.0,8.0
2024-02-08T23:00:00Z,1.21,29.0,75.0,8.0
2024-02-09T00:00:00Z,1.2,29.0,73.0,8.0
2024-02-09T01:00:00Z,1.15,28.0,74.0,8.0
2024-02-09T02:00:00Z,1.15,26.0,77.0,7.0
2024-02-09T03:00:00Z,1.16,27.0,73.0,7.0
2024-02-09T04:00:00Z,1.15,28.0,69.0,7.0
2024-02-09T05:00:00Z,1.13,28.0,72.0,7.0
2024-02-09T06:00:00Z,1.16,34.0,67.0,8.0
2024-02-09T07:00:00Z,1.21,36.0,70.0,10.0
2024-02-09T08:00:00Z,1.14,29.0,90.0,12.0
2024-02-09T09:00:00Z,1.13,24.0,100.0,12.0
2024-02-09T10:00:00Z,1.11,19.0,106.0,11.0
2024-02-09T11:00:00Z,1.09,17.0,112.0,11.0
2024-02-09T12:00:00Z,1.0,16.0,117.0,11.0
2024-02-09T13:00:00Z,0.9,16.0,118.0,11.0
2024-02-09T14:00:00Z,0.89,16.0,118.0,12.0
2024-02-09T15:00:00Z,0.9,16.0,115.0,11.0
2024-02-09T16:00:00Z,0.91,18.0,108.0,11.0
2024-02-09T17:00:00Z,1.01,22.0,97.0,14.0
2024-02-09T18:00:00Z,1.06,28.0,82.0,15.0
2024-02-09T19:00:00Z,1.09,38.0,64.0,16.0
2024-02-09T20:00:00Z,1.16,48.0,49.0,16.0
2024-02-09T21:00:00Z,1.21,55.0,34.0,14.0
2024-02-09T22:00:00Z,1.2,51.0,31.0,12.0
2024-02-09T23:00:00Z,1.23,47.0,27.0,40.0
2024-02-10T00:00:00Z,1.2,41.0,31.0,21.0
2024-02-10T01:00:00Z,1.13,32.0,35.0,14.0
2024-02-10T02:00:00Z,1.1,26.0,37.0,13.0
2024-02-10T03:00:00Z,1.14,22.0,36.0,12.0
2024-02-10T04:00:00Z,1.13,22.0,32.0,10.0
2024-02-10T05:00:00Z,1.13,23.0,31.0,11.0
2024-02-10T06:00:00Z,1.13,24.0,29.0,12.0
2024-02-10T07:00:00Z,1.19,25.0,28.0,20.0
2024-02-10T08:00:00Z,1.15,22.0,40.0,17.0
2024-02-10T09:00:00Z,1.06,19.0,53.0,17.0
2024-02-10T10:00:00Z,1.05,20.0,63.0,17.0
2024-02-10T11:00:00Z,1.05,19.0,81.0,18.0
2024-02-10T12:00:00Z,1.04,18.0,91.0,18.0
2024-02-10T13:00:00Z,1.0,17.0,97.0,16.0
2024-02-10T14:00:00Z,0.91,17.0,98.0,15.0
2024-02-10T15:00:00Z,0.95,19.0,90.0,15.0
2024-02-10T16:00:00Z,1.04,23.0,72.0,13.0
2024-02-10T17:00:00Z,1.1,27.0,58.0,12.0
2024-02-10T18:00:00Z,1.2,37.0,39.0,12.0
2024-02-10T19:00:00Z,1.21,41.0,33.0,13.0
2024-02-10T20:00:00Z,1.21,37.0,38.0,12.0
2024-02-10T21:00:00Z,1.27,36.0,38.0,10.0
2024-02-10T22:00:00Z,1.31,35.0,38.0,9.0
2024-02-10T23:00:00Z,1.22,30.0,44.0,8.0
2024-02-11T00:00:00Z,1.24,26.0,52.0,9.0
2024-02-11T01:00:00Z,1.36,25.0,49.0,8.0
2024-02-11T02:00:00Z,1.39,25.0,42.0,8.0
2024-02-11T03:00:00Z,1.41,27.0,35.0,8.0
2024-02-11T04:00:00Z,1.4,27.0,30.0,7.0
2024-02-11T05:00:00Z,1.4,27.0,30.0,7.0
2024-02-11T06:00:00Z,1.44,30.0,23.0,7.0
2024-02-11T07:00:00Z,1.48,31.0,20.0,8.0
2024-02-11T08:00:00Z,1.4,32.0,39.0,10.0
2024-02-11T09:00:00Z,1.32,27.0,66.0,12.0
2024-02-11T10:00:00Z,1.18,19.0,86.0,14.0
2024-02-11T11:00:00Z,1.01,15.0,105.0,15.0
2024-02-11T12:00:00Z,0.78,11.0,110.0,12.0
2024-02-11T13:00:00Z,0.71,10.0,113.0,12.0
2024-02-11T14:00:00Z,0.66,11.0,113.0,10.0
2024-02-11T15:00:00Z,0.6,11.0,112.0,10.0
2024-02-11T16:00:00Z,0.5,13.0,102.0,9.0
2024-02-11T17:00:00Z,0.59,23.0,84.0,10.0
2024-02-11T18:00:00Z,0.7,38.0,63.0,14.0
2024-02-11T19:00:00Z,0.71,38.0,60.0,15.0
2024-02-11T20:00:00Z,0.69,32.0,61.0,13.0
2024-02-11T21:00:00Z,0.6,20.0,75.0,12.0
2024-02-11T22:00:00Z,0.58,15.0,80.0,10.0
2024-02-11T23:00:00Z,0.6,14.0,82.0,11.0
2024-02-12T00:00:00Z,0.59,13.0,80.0,10.0
2024-02-12T01:00:00Z,0.63,14.0,75.0,10.0
2024-02-12T02:00:00Z,0.64,15.0,72.0,9.0
2024-02-12T03:00:00Z,0.63,14.0,70.0,9.0
2024-02-12T04:00:00Z,0.59,12.0,71.0,9.0
2024-02-12T05:00:00Z,0.57,13.0,70.0,9.0
2024-02-12T06:00:00Z,0.59,14.0,69.0,9.0
2024-02-12T07:00:00Z,0.59,14.0,69.0,9.0
2024-02-12T08:00:00Z,0.63,14.0,73.0,10.0
2024-02-12T09:00:00Z,0.63,14.0,79.0,10.0
2024-02-12T10:00:00Z,0.6,12.0,88.0,10.0
2024-02-12T11:00:00Z,0.58,10.0,97.0,9.0
2024-02-12T12:00:00Z,0.58,10.0,104.0,8.0
2024-02-12T13:00:00Z,0.56,10.0,109.0,8.0
2024-02-12T14:00:00Z,0.52,10.0,111.0,8.0
2024-02-12T15:00:00Z,0.49,11.0,107.0,8.0
2024-02-12T16:00:00Z,0.49,13.0,102.0,8.0
2024-02-12T17:00:00Z,0.54,15.0,93.0,9.0
2024-02-12T18:00:00Z,0.59,17.0,88.0,10.0
2024-02-12T19:00:00Z,0.59,18.0,83.0,11.0
2024-02-12T20:00:00Z,0.61,18.0,80.0,11.0
2024-02-12T21:00:00Z,0.63,20.0,74.0,11.0
2024-02-12T22:00:00Z,0.63,17.0,76.0,10.0
2024-02-12T23:00:00Z,0.6,16.0,76.0,10.0
2024-02-13T00:00:00Z,0.6,15.0,73.0,10.0
2024-02-13T01:00:00Z,0.63,14.0,72.0,9.0
2024-02-13T02:00:00Z,0.63,14.0,69.0,10.0
2024-02-13T03:00:00Z,0.64,16.0,62.0,10.0
2024-02-13T04:00:00Z,0.61,15.0,58.0,9.0
2024-02-13T05:00:00Z,0.64,18.0,53.0,9.0
2024-02-13T06:00:00Z,0.68,24.0,46.0,9.0
2024-02-13T07:00:00Z,0.68,19.0,56.0,10.0
2024-02-13T08:00:00Z,0.67,17.0,65.0,10.0
2024-02-13T09:00:00Z,0.66,16.0,72.0,10.0
2024-02-13T10:00:00Z,0.67,14.0,85.0,9.0
2024-02-13T11:00:00Z,0.64,13.0,97.0,10.0
2024-02-13T12:00:00Z,0.52,11.0,103.0,9.0
2024-02-13T13:00:00Z,0.51,12.0,107.0,10.0
2024-02-13T14:00:00Z,0.51,13.0,108.0,9.0
2024-02-13T15:00:00Z,0.52,13.0,105.0,9.0
2024-02-13T16:00:00Z,0.5,17.0,94.0,10.0
2024-02-13T17:00:00Z,0.53,21.0,80.0,11.0
2024-02-13T18:00:00Z,0.54,20.0,73.0,12.0
2024-02-13T19:00:00Z,0.59,20.0,69.0,12.0
2024-02-13T20:00:00Z,0.61,20.0,62.0,12.0
2024-02-13T21:00:00Z,0.6,19.0,58.0,12.0
2024-02-13T22:00:00Z,0.61,22.0,51.0,11.0
2024-02-13T23:00:00Z,0.63,21.0,47.0,11.0
2024-02-14T00:00:00Z,0.64,22.0,43.0,11.0
2024-02-14T01:00:00Z,0.66,21.0,41.0,11.0
2024-02-14T02:00:00Z,0.71,23.0,35.0,10.0
2024-02-14T03:00:00Z,0.74,26.0,28.0,9.0
2024-02-14T04:00:00Z,0.74,30.0,22.0,9.0
2024-02-14T05:00:00Z,0.8,34.0,20.0,9.0
2024-02-14T06:00:00Z,0.83,31.0,21.0,11.0
2024-02-14T07:00:00Z,0.89,28.0,28.0,14.0
2024-02-14T08:00:00Z,0.8,25.0,46.0,14.0
2024-02-14T09:00:00Z,0.76,24.0,59.0,13.0
2024-02-14T10:00:00Z,0.79,23.0,76.0,13.0
2024-02-14T11:00:00Z,0.78,21.0,91.0,12.0
2024-02-14T12:00:00Z,0.7,15.0,107.0,12.0
2024-02-14T13:00:00Z,0.64,14.0,112.0,11.0
2024-02-14T14:00:00Z,0.61,13.0,113.0,13.0
2024-02-14T15:00:00Z,0.73,14.0,111.0,12.0
2024-02-14T16:00:00Z,0.69,19.0,100.0,12.0
2024-02-14T17:00:00Z,0.76,27.0,85.0,12.0
2024-02-14T18:00:00Z,0.9,31.0,79.0,12.0
2024-02-14T19:00:00Z,0.93,28.0,83.0,13.0
2024-02-14T20:00:00Z,0.95,28.0,67.0,13.0
2024-02-14T21:00:00Z,1.01,24.0,63.0,12.0
2024-02-14T22:00:00Z,0.79,15.0,79.0,10.0
2024-02-14T23:00:00Z,0.75,13.0,76.0,9.0
2024-02-15T00:00:00Z,0.7,11.0,68.0,7.0
2024-02-15T01:00:00Z,0.7,11.0,65.0,6.0
2024-02-15T02:00:00Z,0.65,10.0,67.0,7.0
2024-02-15T03:00:00Z,0.54,8.0,69.0,7.0
2024-02-15T04:00:00Z,0.48,8.0,69.0,7.0
2024-02-15T05:00:00Z,0.46,8.0,69.0,7.0
2024-02-15T06:00:00Z,0.48,9.0,66.0,6.0
2024-02-15T07:00:00Z,0.48,10.0,63.0,6.0
2024-02-15T08:00:00Z,0.46,11.0,63.0,7.0
2024-02-15T09:00:00Z,0.51,11.0,65.0,7.0
2024-02-15T10:00:00Z,0.45,10.0,72.0,7.0
2024-02-15T11:00:00Z,0.46,9.0,79.0,7.0
2024-02-15T12:00:00Z,0.56,11.0,83.0,8.0
2024-02-15T13:00:00Z,0.53,10.0,88.0,8.0
2024-02-15T14:00:00Z,0.46,11.0,91.0,8.0
2024-02-15T15:00:00Z,0.44,11.0,89.0,8.0
2024-02-15T16:00:00Z,0.44,13.0,85.0,8.0
2024-02-15T17:00:00Z,0.47,17.0,77.0,8.0
2024-02-15T18:00:00Z,0.51,21.0,67.0,8.0
2024-02-15T19:00:00Z,0.53,21.0,64.0,8.0
2024-02-15T20:00:00Z,0.54,25.0,55.0,9.0
2024-02-15T21:00:00Z,0.56,28.0,50.0,9.0
2024-02-15T22:00:00Z,0.55,19.0,59.0,8.0
2024-02-15T23:00:00Z,0.5,15.0,59.0,7.0
2024-02-16T00:00:00Z,0.5,15.0,58.0,8.0
2024-02-16T01:00:00Z,0.51,17.0,54.0,7.0
2024-02-16T02:00:00Z,0.51,17.0,51.0,8.0
2024-02-16T03:00:00Z,0.53,18.0,47.0,8.0
2024-02-16T04:00:00Z,0.55,19.0,44.0,8.0
2024-02-16T05:00:00Z,0.56,22.0,39.0,8.0
2024-02-16T06:00:00Z,0.61,25.0,38.0,8.0
2024-02-16T07:00:00Z,0.64,21.0,48.0,9.0
2024-02-16T08:00:00Z,0.56,16.0,62.0,8.0
2024-02-16T09:00:00Z,0.5,13.0,74.0,8.0
2024-02-16T10:00:00Z,0.47,11.0,84.0,8.0
2024-02-16T11:00:00Z,0.44,10.0,89.0,7.0
2024-02-16T12:00:00Z,0.45,10.0,94.0,7.0
2024-02-16T13:00:00Z,0.45,11.0,98.0,7.0
2024-02-16T14:00:00Z,0.46,12.0,98.0,8.0
2024-02-16T15:00:00Z,0.44,12.0,95.0,8.0
2024-02-16T16:00:00Z,0.46,15.0,89.0,8.0
2024-02-16T17:00:00Z,0.5,17.0,82.0,9.0
2024-02-16T18:00:00Z,0.59,17.0,80.0,9.0
2024-02-16T19:00:00Z,0.6,18.0,76.0,10.0
2024-02-16T20:00:00Z,0.61,17.0,75.0,10.0
2024-02-16T21:00:00Z,0.6,20.0,65.0,9.0
2024-02-16T22:00:00Z,0.6,20.0,63.0,8.0
2024-02-16T23:00:00Z,0.6,20.0,60.0,8.0
2024-02-17T00:00:00Z,0.59,21.0,57.0,8.0
2024-02-17T01:00:00Z,0.59,19.0,56.0,9.0
2024-02-17T02:00:00Z,0.6,19.0,53.0,9.0
2024-02-17T03:00:00Z,0.61,20.0,49.0,8.0
2024-02-17T04:00:00Z,0.61,21.0,46.0,8.0
2024-02-17T05:00:00Z,0.63,24.0,42.0,8.0
2024-02-17T06:00:00Z,0.65,24.0,42.0,8.0
2024-02-17T07:00:00Z,0.68,20.0,48.0,9.0
2024-02-17T08:00:00Z,0.7,19.0,54.0,10.0
2024-02-17T09:00:00Z,0.7,17.0,61.0,9.0
2024-02-17T10:00:00Z,0.69,16.0,71.0,9.0
2024-02-17T11:00:00Z,0.65,15.0,85.0,8.0
2024-02-17T12:00:00Z,0.55,13.0,94.0,8.0
2024-02-17T13:00:00Z,0.57,13.0,98.0,8.0
2024-02-17T14:00:00Z,0.59,14.0,99.0,8.0
2024-02-17T15:00:00Z,0.65,16.0,99.0,8.0
2024-02-17T16:00:00Z,0.66,17.0,95.0,8.0
2024-02-17T17:00:00Z,0.74,22.0,85.0,8.0
2024-02-17T18:00:00Z,0.79,23.0,81.0,9.0
2024-02-17T19:00:00Z,0.76,27.0,74.0,9.0
2024-02-17T20:00:00Z,0.65,28.0,69.0,9.0
2024-02-17T21:00:00Z,0.65,27.0,60.0,9.0
2024-02-17T22:00:00Z,0.65,24.0,57.0,8.0
2024-02-17T23:00:00Z,0.63,22.0,52.0,8.0
2024-02-18T00:00:00Z,0.64,23.0,46.0,9.0
2024-02-18T01:00:00Z,0.63,22.0,41.0,8.0
2024-02-18T02:00:00Z,0.61,21.0,39.0,8.0
2024-02-18T03:00:00Z,0.59,21.0,37.0,8.0
2024-02-18T04:00:00Z,0.59,20.0,36.0,8.0
2024-02-18T05:00:00Z,0.59,22.0,31.0,8.0
2024-02-18T06:00:00Z,0.65,27.0,25.0,9.0
2024-02-18T07:00:00Z,0.69,28.0,22.0,10.0
2024-02-18T08:00:00Z,0.71,23.0,32.0,11.0
2024-02-18T09:00:00Z,0.71,19.0,45.0,11.0
2024-02-18T10:00:00Z,0.69,18.0,52.0,11.0
2024-02-18T11:00:00Z,0.76,17.0,53.0,12.0
2024-02-18T12:00:00Z,0.76,18.0,48.0,15.0
2024-02-18T13:00:00Z,0.79,21.0,41.0,16.0
2024-02-18T14:00:00Z,0.8,24.0,34.0,16.0
2024-02-18T15:00:00Z,0.84,30.0,23.0,15.0
2024-02-18T16:00:00Z,0.9,38.0,14.0,14.0
2024-02-18T17:00:00Z,1.01,43.0,9.0,13.0
2024-02-18T18:00:00Z,1.02,45.0,4.0,13.0
2024-02-18T19:00:00Z,0.91,41.0,6.0,12.0
2024-02-18T20:00:00Z,0.94,36.0,14.0,10.0
2024-02-18T21:00:00Z,1.09,39.0,11.0,9.0
2024-02-18T22:00:00Z,1.13,42.0,5.0,9.0
2024-02-18T23:00:00Z,1.09,32.0,8.0,9.0
2024-02-19T00:00:00Z,1.1,26.0,10.0,8.0
2024-02-19T01:00:00Z,1.11,25.0,10.0,8.0
2024-02-19T02:00:00Z,1.13,25.0,9.0,8.0
2024-02-19T03:00:00Z,1.14,31.0,6.0,7.0
2024-02-19T04:00:00Z,1.01,23.0,17.0,7.0
2024-02-19T05:00:00Z,0.93,20.0,21.0,7.0
2024-02-19T06:00:00Z,0.96,22.0,22.0,7.0
2024-02-19T07:00:00Z,0.85,19.0,30.0,7.0
2024-02-19T08:00:00Z,0.55,13.0,57.0,7.0
2024-02-19T09:00:00Z,0.54,14.0,65.0,8.0
2024-02-19T10:00:00Z,0.43,15.0,65.0,8.0
2024-02-19T11:00:00Z,0.43,15.0,67.0,8.0
2024-02-19T12:00:00Z,0.45,16.0,68.0,8.0
2024-02-19T13:00:00Z,0.45,17.0,68.0,8.0
2024-02-19T14:00:00Z,0.45,17.0,68.0,8.0
2024-02-19T15:00:00Z,0.45,15.0,69.0,8.0
2024-02-19T16:00:00Z,0.46,16.0,67.0,9.0
2024-02-19T17:00:00Z,0.46,16.0,64.0,8.0
2024-02-19T18:00:00Z,0.49,15.0,63.0,9.0
2024-02-19T19:00:00Z,0.46,12.0,68.0,8.0
2024-02-19T20:00:00Z,0.45,12.0,72.0,7.0
2024-02-19T21:00:00Z,0.45,12.0,70.0,7.0
2024-02-19T22:00:00Z,0.47,12.0,69.0,7.0
2024-02-19T23:00:00Z,0.49,11.0,70.0,6.0
2024-02-20T00:00:00Z,0.49,10.0,72.0,7.0
2024-02-20T01:00:00Z,0.5,8.0,73.0,6.0
2024-02-20T02:00:00Z,0.5,8.0,75.0,6.0
2024-02-20T03:00:00Z,0.55,8.0,72.0,6.0
2024-02-20T04:00:00Z,0.56,8.0,72.0,7.0
2024-02-20T05:00:00Z,0.55,10.0,71.0,7.0
2024-02-20T06:00:00Z,0.6,12.0,68.0,8.0
2024-02-20T07:00:00Z,0.59,13.0,67.0,8.0
2024-02-20T08:00:00Z,0.6,13.0,67.0,6.0
2024-02-20T09:00:00Z,0.53,13.0,69.0,6.0
2024-02-20T10:00:00Z,0.49,13.0,70.0,6.0
2024-02-20T11:00:00Z,0.52,13.0,69.0,7.0
2024-02-20T12:00:00Z,0.5,14.0,68.0,7.0
2024-02-20T13:00:00Z,0.47,16.0,66.0,6.0
2024-02-20T14:00:00Z,0.46,16.0,63.0,6.0
2024-02-20T15:00:00Z,0.47,16.0,62.0,6.0
2024-02-20T16:00:00Z,0.54,18.0,60.0,5.0
2024-02-20T17:00:00Z,0.53,20.0,56.0,6.0
2024-02-20T18:00:00Z,0.5,17.0,58.0,6.0
2024-02-20T19:00:00Z,0.47,16.0,58.0,6.0
2024-02-20T20:00:00Z,0.45,14.0,61.0,7.0
2024-02-20T21:00:00Z,0.45,12.0,64.0,7.0
2024-02-20T22:00:00Z,0.41,11.0,64.0,7.0
2024-02-20T23:00:00Z,0.47,12.0,61.0,6.0
2024-02-21T00:00:00Z,0.42,10.0,67.0,6.0
2024-02-21T01:00:00Z,0.41,10.0,67.0,6.0
2024-02-21T02:00:00Z,0.47,12.0,62.0,6.0
2024-02-21T03:00:00Z,0.56,11.0,60.0,6.0
2024-02-21T04:00:00Z,0.61,11.0,59.0,6.0
2024-02-21T05:00:00Z,0.65,12.0,58.0,6.0
2024-02-21T06:00:00Z,0.66,13.0,57.0,6.0
2024-02-21T07:00:00Z,0.61,13.0,57.0,7.0
2024-02-21T08:00:00Z,0.59,14.0,56.0,7.0
2024-02-21T09:00:00Z,0.66,15.0,55.0,7.0
2024-02-21T10:00:00Z,0.59,14.0,57.0,7.0
2024-02-21T11:00:00Z,0.59,14.0,58.0,7.0
2024-02-21T12:00:00Z,0.59,15.0,56.0,7.0
2024-02-21T13:00:00Z,0.56,14.0,61.0,7.0
2024-02-21T14:00:00Z,0.6,15.0,62.0,8.0
2024-02-21T15:00:00Z,0.59,16.0,62.0,7.0
2024-02-21T16:00:00Z,0.58,16.0,61.0,7.0
2024-02-21T17:00:00Z,0.58,17.0,61.0,7.0
2024-02-21T18:00:00Z,0.63,16.0,61.0,7.0
2024-02-21T19:00:00Z,0.61,16.0,60.0,8.0
2024-02-21T20:00:00Z,0.59,16.0,62.0,8.0
2024-02-21T21:00:00Z,0.58,15.0,62.0,8.0
2024-02-21T22:00:00Z,0.56,14.0,64.0,8.0
2024-02-21T23:00:00Z,0.55,14.0,64.0,8.0
2024-02-22T00:00:00Z,0.58,13.0,64.0,9.0
2024-02-22T01:00:00Z,0.61,13.0,64.0,9.0
2024-02-22T02:00:00Z,0.62,12.0,65.0,8.0
2024-02-22T03:00:00Z,0.56,12.0,65.0,8.0
2024-02-22T04:00:00Z,0.55,12.0,66.0,8.0
2024-02-22T05:00:00Z,0.53,12.0,67.0,8.0
2024-02-22T06:00:00Z,0.56,13.0,66.0,8.0
2024-02-22T07:00:00Z,0.59,14.0,66.0,9.0
2024-02-22T08:00:00Z,0.66,15.0,66.0,9.0
2024-02-22T09:00:00Z,0.65,14.0,70.0,10.0
2024-02-22T10:00:00Z,0.6,12.0,77.0,11.0
2024-02-22T11:00:00Z,0.61,11.0,82.0,11.0
2024-02-22T12:00:00Z,0.56,13.0,85.0,12.0
2024-02-22T13:00:00Z,0.5,13.0,91.0,11.0
2024-02-22T14:00:00Z,0.54,15.0,92.0,11.0
2024-02-22T15:00:00Z,0.54,16.0,89.0,11.0
2024-02-22T16:00:00Z,0.54,18.0,84.0,11.0
2024-02-22T17:00:00Z,0.53,22.0,77.0,11.0
2024-02-22T18:00:00Z,0.54,23.0,73.0,10.0
2024-02-22T19:00:00Z,0.59,24.0,69.0,11.0
2024-02-22T20:00:00Z,0.65,23.0,68.0,10.0
2024-02-22T21:00:00Z,0.64,23.0,65.0,10.0
2024-02-22T22:00:00Z,0.59,21.0,64.0,10.0
2024-02-22T23:00:00Z,0.55,19.0,66.0,10.0
2024-02-23T00:00:00Z,0.55,19.0,67.0,10.0
2024-02-23T01:00:00Z,0.55,18.0,66.0,9.0
2024-02-23T02:00:00Z,0.54,18.0,64.0,8.0
2024-02-23T03:00:00Z,0.55,17.0,61.0,8.0
2024-02-23T04:00:00Z,0.45,19.0,56.0,8.0
2024-02-23T05:00:00Z,0.45,21.0,54.0,8.0
2024-02-23T06:00:00Z,0.49,21.0,55.0,9.0
2024-02-23T07:00:00Z,0.49,16.0,68.0,9.0
2024-02-23T08:00:00Z,0.49,14.0,73.0,10.0
2024-02-23T09:00:00Z,0.55,14.0,78.0,10.0
2024-02-23T10:00:00Z,0.55,14.0,84.0,11.0
2024-02-23T11:00:00Z,0.55,14.0,92.0,11.0
2024-02-23T12:00:00Z,0.49,13.0,97.0,10.0
2024-02-23T13:00:00Z,0.51,15.0,100.0,10.0
2024-02-23T14:00:00Z,0.53,16.0,98.0,10.0
2024-02-23T15:00:00Z,0.53,18.0,95.0,10.0
2024-02-23T16:00:00Z,0.54,20.0,93.0,10.0
2024-02-23T17:00:00Z,0.56,22.0,89.0,10.0
2024-02-23T18:00:00Z,0.58,24.0,83.0,10.0
2024-02-23T19:00:00Z,0.6,24.0,81.0,10.0
2024-02-23T20:00:00Z,0.6,23.0,78.0,10.0
2024-02-23T21:00:00Z,0.6,22.0,73.0,10.0
2024-02-23T22:00:00Z,0.61,22.0,70.0,10.0
2024-02-23T23:00:00Z,0.59,21.0,68.0,9.0
2024-02-24T00:00:00Z,0.59,19.0,69.0,9.0
2024-02-24T01:00:00Z,0.59,18.0,67.0,9.0
2024-02-24T02:00:00Z,0.61,19.0,63.0,9.0
2024-02-24T03:00:00Z,0.61,19.0,59.0,9.0
2024-02-24T04:00:00Z,0.61,19.0,56.0,9.0
2024-02-24T05:00:00Z,0.64,21.0,53.0,8.0
2024-02-24T06:00:00Z,0.65,22.0,50.0,8.0
2024-02-24T07:00:00Z,0.66,21.0,52.0,8.0
2024-02-24T08:00:00Z,0.68,19.0,54.0,7.0
2024-02-24T09:00:00Z,0.66,19.0,56.0,7.0
2024-02-24T10:00:00Z,0.64,18.0,59.0,7.0
2024-02-24T11:00:00Z,0.64,18.0,61.0,7.0
2024-02-24T12:00:00Z,0.63,17.0,62.0,7.0
2024-02-24T13:00:00Z,0.59,16.0,68.0,7.0
2024-02-24T14:00:00Z,0.6,17.0,71.0,7.0
2024-02-24T15:00:00Z,0.61,19.0,69.0,6.0
2024-02-24T16:00:00Z,0.63,20.0,68.0,6.0
2024-02-24T17:00:00Z,0.63,20.0,73.0,6.0
2024-02-24T18:00:00Z,0.63,19.0,77.0,7.0
2024-02-24T19:00:00Z,0.6,19.0,79.0,7.0
2024-02-24T20:00:00Z,0.59,18.0,80.0,7.0
2024-02-24T21:00:00Z,0.58,18.0,77.0,6.0
2024-02-24T22:00:00Z,0.59,16.0,76.0,6.0
2024-02-24T23:00:00Z,0.6,19.0,68.0,6.0
2024-02-25T00:00:00Z,0.61,20.0,65.0,6.0
2024-02-25T01:00:00Z,0.6,20.0,62.0,6.0
2024-02-25T02:00:00Z,0.6,20.0,60.0,6.0
2024-02-25T03:00:00Z,0.64,23.0,54.0,7.0
2024-02-25T04:00:00Z,0.64,25.0,53.0,6.0
2024-02-25T05:00:00Z,0.65,33.0,41.0,7.0
2024-02-25T06:00:00Z,0.75,36.0,38.0,8.0
2024-02-25T07:00:00Z,0.7,29.0,56.0,9.0
2024-02-25T08:00:00Z,0.7,24.0,75.0,12.0
2024-02-25T09:00:00Z,0.69,22.0,86.0,12.0
2024-02-25T10:00:00Z,0.68,20.0,93.0,13.0
2024-02-25T11:00:00Z,0.66,18.0,98.0,12.0
2024-02-25T12:00:00Z,0.63,17.0,104.0,11.0
2024-02-25T13:00:00Z,0.59,17.0,110.0,10.0
2024-02-25T14:00:00Z,0.56,17.0,112.0,10.0
2024-02-25T15:00:00Z,0.56,19.0,111.0,10.0
2024-02-25T16:00:00Z,0.63,23.0,107.0,10.0
2024-02-25T17:00:00Z,0.7,29.0,99.0,10.0
2024-02-25T18:00:00Z,0.73,34.0,90.0,10.0
2024-02-25T19:00:00Z,0.75,42.0,78.0,10.0
2024-02-25T20:00:00Z,0.84,50.0,63.0,10.0
2024-02-25T21:00:00Z,0.9,57.0,54.0,10.0
2024-02-25T22:00:00Z,0.89,51.0,64.0,11.0
2024-02-25T23:00:00Z,0.84,47.0,63.0,10.0
2024-02-26T00:00:00Z,0.84,41.0,71.0,10.0
2024-02-26T01:00:00Z,0.78,36.0,73.0,11.0
2024-02-26T02:00:00Z,0.82,38.0,65.0,11.0
2024-02-26T03:00:00Z,0.86,41.0,54.0,10.0
2024-02-26T04:00:00Z,0.99,51.0,42.0,11.0
2024-02-26T05:00:00Z,1.06,66.0,27.0,12.0
2024-02-26T06:00:00Z,1.09,61.0,34.0,14.0
2024-02-26T07:00:00Z,1.07,52.0,50.0,15.0
2024-02-26T08:00:00Z,0.99,40.0,69.0,13.0
2024-02-26T09:00:00Z,0.88,29.0,86.0,12.0
2024-02-26T10:00:00Z,0.66,20.0,92.0,12.0
2024-02-26T11:00:00Z,0.55,17.0,93.0,10.0
2024-02-26T12:00:00Z,0.49,17.0,94.0,9.0
2024-02-26T13:00:00Z,0.49,18.0,96.0,10.0
2024-02-26T14:00:00Z,0.49,18.0,98.0,10.0
2024-02-26T15:00:00Z,0.49,19.0,97.0,10.0
2024-02-26T16:00:00Z,0.51,22.0,94.0,9.0
2024-02-26T17:00:00Z,0.55,31.0,81.0,9.0
2024-02-26T18:00:00Z,0.6,35.0,74.0,9.0
2024-02-26T19:00:00Z,0.56,28.0,77.0,9.0
2024-02-26T20:00:00Z,0.56,32.0,67.0,9.0
2024-02-26T21:00:00Z,0.58,36.0,56.0,9.0
2024-02-26T22:00:00Z,0.55,31.0,58.0,9.0
2024-02-26T23:00:00Z,0.58,30.0,57.0,9.0
2024-02-27T00:00:00Z,0.56,29.0,60.0,9.0
2024-02-27T01:00:00Z,0.55,29.0,58.0,8.0
2024-02-27T02:00:00Z,0.59,37.0,46.0,8.0
2024-02-27T03:00:00Z,0.59,42.0,39.0,8.0
2024-02-27T04:00:00Z,0.59,50.0,29.0,8.0
2024-02-27T05:00:00Z,0.64,50.0,28.0,8.0
2024-02-27T06:00:00Z,0.64,42.0,38.0,9.0
2024-02-27T07:00:00Z,0.66,38.0,47.0,9.0
2024-02-27T08:00:00Z,0.66,30.0,66.0,10.0
2024-02-27T09:00:00Z,0.61,24.0,82.0,10.0
2024-02-27T10:00:00Z,0.59,18.0,93.0,9.0
2024-02-27T11:00:00Z,0.56,17.0,101.0,9.0
2024-02-27T12:00:00Z,0.56,17.0,108.0,10.0
2024-02-27T13:00:00Z,0.56,19.0,111.0,10.0
2024-02-27T14:00:00Z,0.57,21.0,109.0,10.0
2024-02-27T15:00:00Z,0.56,21.0,111.0,9.0
2024-02-27T16:00:00Z,0.54,24.0,106.0,9.0
2024-02-27T17:00:00Z,0.61,32.0,93.0,9.0
2024-02-27T18:00:00Z,0.63,28.0,93.0,8.0
2024-02-27T19:00:00Z,0.61,27.0,93.0,8.0
2024-02-27T20:00:00Z,0.61,31.0,88.0,8.0
2024-02-27T21:00:00Z,0.64,42.0,72.0,8.0
2024-02-27T22:00:00Z,0.65,38.0,72.0,9.0
2024-02-27T23:00:00Z,0.65,41.0,67.0,8.0
2024-02-28T00:00:00Z,0.69,52.0,48.0,8.0
2024-02-28T01:00:00Z,0.69,60.0,36.0,8.0
2024-02-28T02:00:00Z,0.7,63.0,29.0,8.0
2024-02-28T03:00:00Z,0.66,58.0,30.0,8.0
2024-02-28T04:00:00Z,0.68,55.0,25.0,7.0
2024-02-28T05:00:00Z,0.68,47.0,29.0,7.0
2024-02-28T06:00:00Z,0.73,44.0,31.0,8.0
2024-02-28T07:00:00Z,0.71,35.0,46.0,9.0
2024-02-28T08:00:00Z,0.71,30.0,63.0,9.0
2024-02-28T09:00:00Z,0.66,26.0,82.0,8.0
2024-02-28T10:00:00Z,0.64,19.0,99.0,9.0
2024-02-28T11:00:00Z,0.69,19.0,108.0,9.0
2024-02-28T12:00:00Z,0.69,21.0,107.0,9.0
2024-02-28T13:00:00Z,0.63,23.0,108.0,10.0
2024-02-28T14:00:00Z,0.82,26.0,105.0,10.0
2024-02-28T15:00:00Z,0.88,29.0,95.0,11.0
2024-02-28T16:00:00Z,0.63,30.0,82.0,12.0
2024-02-28T17:00:00Z,0.6,29.0,78.0,10.0
2024-02-28T18:00:00Z,0.64,29.0,74.0,8.0
2024-02-28T19:00:00Z,0.7,29.0,67.0,9.0
2024-02-28T20:00:00Z,0.67,29.0,62.0,8.0
2024-02-28T21:00:00Z,0.63,27.0,61.0,8.0
2024-02-28T22:00:00Z,0.53,21.0,72.0,7.0
2024-02-28T23:00:00Z,0.53,18.0,73.0,6.0
2024-02-29T00:00:00Z,0.7,19.0,69.0,7.0
2024-02-29T01:00:00Z,0.7,19.0,66.0,6.0
2024-02-29T02:00:00Z,0.61,19.0,62.0,6.0
2024-02-29T03:00:00Z,0.64,18.0,65.0,5.0
2024-02-29T04:00:00Z,0.63,17.0,66.0,6.0
2024-02-29T05:00:00Z,0.63,18.0,65.0,6.0
2024-02-29T06:00:00Z,0.66,19.0,65.0,6.0
2024-02-29T07:00:00Z,0.63,19.0,69.0,6.0
2024-02-29T08:00:00Z,0.64,23.0,68.0,6.0
2024-02-29T09:00:00Z,0.66,25.0,73.0,6.0
2024-02-29T10:00:00Z,0.68,22.0,79.0,6.0
2024-02-29T11:00:00Z,0.64,21.0,82.0,6.0
2024-02-29T12:00:00Z,0.64,21.0,78.0,6.0
2024-02-29T13:00:00Z,0.65,20.0,76.0,6.0
2024-02-29T14:00:00Z,0.57,18.0,78.0,6.0
2024-02-29T15:00:00Z,0.51,18.0,78.0,7.0
2024-02-29T16:00:00Z,0.53,22.0,72.0,7.0
2024-02-29T17:00:00Z,0.59,26.0,65.0,7.0
2024-02-29T18:00:00Z,0.63,28.0,63.0,7.0
2024-02-29T19:00:00Z,0.61,31.0,57.0,7.0
2024-02-29T20:00:00Z,0.65,36.0,45.0,7.0
2024-02-29T21:00:00Z,0.65,40.0,39.0,7.0
2024-02-29T22:00:00Z,0.65,42.0,34.0,7.0
2024-02-29T23:00:00Z,0.7,49.0,23.0,8.0
2024-03-01T00:00:00Z,0.64,48.0,24.0,8.0
2024-03-01T01:00:00Z,0.63,42.0,34.0,8.0
2024-03-01T02:00:00Z,0.59,39.0,37.0,8.0
2024-03-01T03:00:00Z,0.6,35.0,38.0,9.0
2024-03-01T04:00:00Z,0.61,36.0,33.0,8.0
2024-03-01T05:00:00Z,0.61,37.0,30.0,8.0
2024-03-01T06:00:00Z,0.69,43.0,26.0,8.0
2024-03-01T07:00:00Z,0.69,38.0,34.0,9.0
2024-03-01T08:00:00Z,0.68,37.0,46.0,11.0
2024-03-01T09:00:00Z,0.65,28.0,62.0,13.0
2024-03-01T10:00:00Z,0.64,23.0,74.0,11.0
2024-03-01T11:00:00Z,0.59,19.0,81.0,9.0
2024-03-01T12:00:00Z,0.53,17.0,87.0,8.0
2024-03-01T13:00:00Z,0.55,17.0,88.0,8.0
2024-03-01T14:00:00Z,0.54,17.0,92.0,8.0
2024-03-01T15:00:00Z,0.54,17.0,92.0,8.0
2024-03-01T16:00:00Z,0.55,20.0,86.0,8.0
2024-03-01T17:00:00Z,0.65,26.0,75.0,8.0
2024-03-01T18:00:00Z,0.65,30.0,66.0,7.0
2024-03-01T19:00:00Z,0.71,40.0,51.0,8.0
2024-03-01T20:00:00Z,0.76,46.0,41.0,9.0
2024-03-01T21:00:00Z,0.76,46.0,37.0,8.0
2024-03-01T22:00:00Z,0.74,43.0,39.0,9.0
2024-03-01T23:00:00Z,0.7,36.0,45.0,9.0
2024-03-02T00:00:00Z,0.68,40.0,42.0,8.0
2024-03-02T01:00:00Z,0.68,38.0,42.0,9.0
2024-03-02T02:00:00Z,0.64,34.0,45.0,9.0
2024-03-02T03:00:00Z,0.66,35.0,43.0,8.0
2024-03-02T04:00:00Z,0.62,32.0,43.0,8.0
2024-03-02T05:00:00Z,0.64,35.0,40.0,8.0
2024-03-02T06:00:00Z,0.66,35.0,42.0,10.0
2024-03-02T07:00:00Z,0.71,32.0,52.0,11.0
2024-03-02T08:00:00Z,0.61,24.0,72.0,9.0
2024-03-02T09:00:00Z,0.62,19.0,83.0,9.0
2024-03-02T10:00:00Z,0.62,18.0,88.0,8.0
2024-03-02T11:00:00Z,0.61,17.0,95.0,8.0
2024-03-02T12:00:00Z,0.63,16.0,103.0,8.0
2024-03-02T13:00:00Z,0.55,16.0,109.0,8.0
2024-03-02T14:00:00Z,0.53,17.0,111.0,8.0
2024-03-02T15:00:00Z,0.51,18.0,111.0,7.0
2024-03-02T16:00:00Z,0.53,20.0,106.0,7.0
2024-03-02T17:00:00Z,0.63,25.0,97.0,8.0
2024-03-02T18:00:00Z,0.66,29.0,88.0,10.0
2024-03-02T19:00:00Z,0.71,38.0,72.0,9.0
2024-03-02T20:00:00Z,0.76,44.0,61.0,9.0
2024-03-02T21:00:00Z,0.81,46.0,52.0,8.0
2024-03-02T22:00:00Z,0.85,44.0,48.0,8.0
2024-03-02T23:00:00Z,0.78,37.0,57.0,8.0
2024-03-03T00:00:00Z,0.75,26.0,70.0,8.0
2024-03-03T01:00:00Z,0.72,26.0,72.0,8.0
2024-03-03T02:00:00Z,0.72,25.0,72.0,8.0
2024-03-03T03:00:00Z,0.75,27.0,67.0,8.0
2024-03-03T04:00:00Z,0.75,28.0,65.0,8.0
2024-03-03T05:00:00Z,0.77,32.0,59.0,9.0
2024-03-03T06:00:00Z,0.82,40.0,46.0,8.0
2024-03-03T07:00:00Z,0.84,35.0,56.0,9.0
2024-03-03T08:00:00Z,0.8,31.0,68.0,9.0
2024-03-03T09:00:00Z,0.78,29.0,81.0,9.0
2024-03-03T10:00:00Z,0.7,25.0,95.0,9.0
2024-03-03T11:00:00Z,0.66,21.0,108.0,8.0
2024-03-03T12:00:00Z,0.59,18.0,116.0,7.0
2024-03-03T13:00:00Z,0.57,19.0,118.0,8.0
2024-03-03T14:00:00Z,0.56,19.0,119.0,7.0
2024-03-03T15:00:00Z,0.54,21.0,118.0,7.0
2024-03-03T16:00:00Z,0.56,23.0,114.0,7.0
2024-03-03T17:00:00Z,0.63,27.0,100.0,7.0
2024-03-03T18:00:00Z,0.66,34.0,87.0,7.0
2024-03-03T19:00:00Z,0.69,36.0,83.0,7.0
2024-03-03T20:00:00Z,0.69,42.0,73.0,8.0
2024-03-03T21:00:00Z,0.66,37.0,76.0,8.0
2024-03-03T22:00:00Z,0.67,34.0,77.0,8.0
2024-03-03T23:00:00Z,0.69,31.0,84.0,7.0
2024-03-04T00:00:00Z,0.72,31.0,84.0,8.0
2024-03-04T01:00:00Z,0.75,34.0,76.0,8.0
2024-03-04T02:00:00Z,0.74,32.0,72.0,9.0
2024-03-04T03:00:00Z,0.74,29.0,72.0,8.0
2024-03-04T04:00:00Z,0.79,31.0,66.0,9.0
2024-03-04T05:00:00Z,0.82,36.0,54.0,9.0
2024-03-04T06:00:00Z,0.89,39.0,47.0,9.0
2024-03-04T07:00:00Z,0.98,42.0,42.0,9.0
2024-03-04T08:00:00Z,1.0,39.0,44.0,10.0
2024-03-04T09:00:00Z,0.97,38.0,46.0,10.0
2024-03-04T10:00:00Z,0.93,36.0,53.0,10.0
2024-03-04T11:00:00Z,0.81,32.0,62.0,10.0
2024-03-04T12:00:00Z,0.79,31.0,67.0,9.0
2024-03-04T13:00:00Z,0.79,32.0,66.0,9.0
2024-03-04T14:00:00Z,0.79,33.0,66.0,9.0
2024-03-04T15:00:00Z,0.8,33.0,65.0,8.0
2024-03-04T16:00:00Z,0.79,36.0,61.0,10.0
2024-03-04T17:00:00Z,0.74,35.0,59.0,11.0
2024-03-04T18:00:00Z,0.65,32.0,59.0,8.0
2024-03-04T19:00:00Z,0.63,29.0,59.0,9.0
2024-03-04T20:00:00Z,0.61,28.0,61.0,8.0
2024-03-04T21:00:00Z,0.59,27.0,61.0,8.0
2024-03-04T22:00:00Z,0.64,27.0,59.0,7.0
2024-03-04T23:00:00Z,0.66,25.0,59.0,6.0
2024-03-05T00:00:00Z,0.75,22.0,61.0,7.0
2024-03-05T01:00:00Z,0.85,21.0,61.0,7.0
2024-03-05T02:00:00Z,0.92,21.0,63.0,7.0
2024-03-05T03:00:00Z,0.94,19.0,63.0,7.0
2024-03-05T04:00:00Z,0.86,19.0,63.0,6.0
2024-03-05T05:00:00Z,0.91,22.0,55.0,6.0
2024-03-05T06:00:00Z,0.83,25.0,52.0,6.0
2024-03-05T07:00:00Z,0.76,24.0,57.0,6.0
2024-03-05T08:00:00Z,0.75,26.0,62.0,6.0
2024-03-05T09:00:00Z,0.72,27.0,65.0,6.0
2024-03-05T10:00:00Z,0.71,26.0,63.0,6.0
2024-03-05T11:00:00Z,0.73,24.0,67.0,6.0
2024-03-05T12:00:00Z,0.7,25.0,67.0,6.0
2024-03-05T13:00:00Z,0.67,24.0,73.0,6.0
2024-03-05T14:00:00Z,0.67,27.0,70.0,6.0
2024-03-05T15:00:00Z,0.7,29.0,64.0,6.0
2024-03-05T16:00:00Z,0.81,36.0,46.0,6.0
2024-03-05T17:00:00Z,0.94,43.0,27.0,6.0
2024-03-05T18:00:00Z,0.99,46.0,18.0,6.0
2024-03-05T19:00:00Z,0.98,48.0,13.0,6.0
2024-03-05T20:00:00Z,0.96,49.0,15.0,6.0
2024-03-05T21:00:00Z,0.98,49.0,12.0,7.0
2024-03-05T22:00:00Z,0.94,48.0,10.0,7.0
2024-03-05T23:00:00Z,0.9,45.0,10.0,7.0
2024-03-06T00:00:00Z,0.85,42.0,9.0,7.0
2024-03-06T01:00:00Z,0.89,41.0,12.0,7.0
2024-03-06T02:00:00Z,0.85,39.0,20.0,7.0
2024-03-06T03:00:00Z,0.8,31.0,44.0,7.0
2024-03-06T04:00:00Z,0.66,20.0,79.0,7.0
2024-03-06T05:00:00Z,0.63,20.0,81.0,8.0
2024-03-06T06:00:00Z,0.61,22.0,79.0,9.0
2024-03-06T07:00:00Z,0.63,23.0,76.0,9.0
2024-03-06T08:00:00Z,0.6,21.0,77.0,10.0
2024-03-06T09:00:00Z,0.64,20.0,84.0,10.0
2024-03-06T10:00:00Z,0.64,19.0,91.0,9.0
2024-03-06T11:00:00Z,0.64,18.0,98.0,9.0
2024-03-06T12:00:00Z,0.66,19.0,101.0,9.0
2024-03-06T13:00:00Z,0.67,21.0,102.0,9.0
2024-03-06T14:00:00Z,0.72,22.0,99.0,8.0
2024-03-06T15:00:00Z,0.71,23.0,102.0,8.0
2024-03-06T16:00:00Z,0.72,26.0,95.0,7.0
2024-03-06T17:00:00Z,0.8,35.0,74.0,7.0
2024-03-06T18:00:00Z,0.84,41.0,58.0,6.0
2024-03-06T19:00:00Z,0.95,44.0,45.0,6.0
2024-03-06T20:00:00Z,0.94,49.0,33.0,6.0
2024-03-06T21:00:00Z,0.95,47.0,30.0,7.0
2024-03-06T22:00:00Z,0.9,41.0,32.0,7.0
2024-03-06T23:00:00Z,0.85,38.0,34.0,7.0
2024-03-07T00:00:00Z,0.84,37.0,35.0,7.0
2024-03-07T01:00:00Z,0.84,36.0,32.0,8.0
2024-03-07T02:00:00Z,0.85,41.0,23.0,7.0
2024-03-07T03:00:00Z,0.84,43.0,23.0,7.0
2024-03-07T04:00:00Z,0.89,49.0,16.0,8.0
2024-03-07T05:00:00Z,0.93,49.0,16.0,9.0
2024-03-07T06:00:00Z,0.97,50.0,18.0,9.0
2024-03-07T07:00:00Z,0.96,49.0,26.0,12.0
2024-03-07T08:00:00Z,0.93,43.0,45.0,12.0
2024-03-07T09:00:00Z,0.89,32.0,67.0,10.0
2024-03-07T10:00:00Z,0.81,25.0,87.0,9.0
2024-03-07T11:00:00Z,0.78,21.0,101.0,8.0
2024-03-07T12:00:00Z,0.76,19.0,103.0,7.0
2024-03-07T13:00:00Z,0.75,20.0,106.0,7.0
2024-03-07T14:00:00Z,0.7,21.0,111.0,8.0
2024-03-07T15:00:00Z,0.71,21.0,112.0,8.0
2024-03-07T16:00:00Z,0.71,25.0,108.0,8.0
2024-03-07T17:00:00Z,0.75,29.0,96.0,8.0
2024-03-07T18:00:00Z,0.72,31.0,88.0,8.0
2024-03-07T19:00:00Z,0.78,36.0,77.0,8.0
2024-03-07T20:00:00Z,0.74,34.0,77.0,8.0
2024-03-07T21:00:00Z,0.8,37.0,68.0,8.0
2024-03-07T22:00:00Z,0.83,46.0,54.0,9.0
2024-03-07T23:00:00Z,0.83,49.0,47.0,9.0
2024-03-08T00:00:00Z,0.88,53.0,38.0,10.0
2024-03-08T01:00:00Z,0.88,48.0,40.0,12.0
2024-03-08T02:00:00Z,0.82,47.0,40.0,11.0
2024-03-08T03:00:00Z,0.82,47.0,34.0,11.0
2024-03-08T04:00:00Z,0.77,44.0,32.0,11.0
2024-03-08T05:00:00Z,0.8,50.0,22.0,10.0
2024-03-08T06:00:00Z,0.85,50.0,24.0,11.0
2024-03-08T07:00:00Z,0.79,39.0,40.0,11.0
2024-03-08T08:00:00Z,0.66,31.0,57.0,10.0
2024-03-08T09:00:00Z,0.51,21.0,75.0,9.0
2024-03-08T10:00:00Z,0.45,17.0,85.0,8.0
2024-03-08T11:00:00Z,0.4,16.0,90.0,8.0
2024-03-08T12:00:00Z,0.38,15.0,94.0,7.0
2024-03-08T13:00:00Z,0.36,15.0,97.0,7.0
2024-03-08T14:00:00Z,0.34,15.0,98.0,7.0
2024-03-08T15:00:00Z,0.36,16.0,97.0,6.0
2024-03-08T16:00:00Z,0.33,19.0,93.0,6.0
2024-03-08T17:00:00Z,0.39,26.0,81.0,6.0
2024-03-08T18:00:00Z,0.47,33.0,68.0,7.0
2024-03-08T19:00:00Z,0.54,45.0,48.0,7.0
2024-03-08T20:00:00Z,0.6,54.0,33.0,7.0
2024-03-08T21:00:00Z,0.64,60.0,24.0,7.0
2024-03-08T22:00:00Z,0.63,53.0,29.0,6.0
2024-03-08T23:00:00Z,0.63,50.0,29.0,7.0
2024-03-09T00:00:00Z,0.61,50.0,27.0,7.0
2024-03-09T01:00:00Z,0.64,53.0,23.0,7.0
2024-03-09T02:00:00Z,0.61,56.0,18.0,8.0
2024-03-09T03:00:00Z,0.74,69.0,7.0,10.0
2024-03-09T04:00:00Z,0.74,66.0,8.0,12.0
2024-03-09T05:00:00Z,0.7,61.0,11.0,10.0
2024-03-09T06:00:00Z,0.75,51.0,22.0,10.0
2024-03-09T07:00:00Z,0.81,41.0,47.0,10.0
2024-03-09T08:00:00Z,0.78,27.0,82.0,9.0
2024-03-09T09:00:00Z,0.66,20.0,97.0,8.0
2024-03-09T10:00:00Z,0.6,17.0,107.0,8.0
2024-03-09T11:00:00Z,0.55,16.0,114.0,8.0
2024-03-09T12:00:00Z,0.54,16.0,119.0,8.0
2024-03-09T13:00:00Z,0.51,17.0,123.0,8.0
2024-03-09T14:00:00Z,0.51,17.0,126.0,7.0
2024-03-09T15:00:00Z,0.5,18.0,128.0,7.0
2024-03-09T16:00:00Z,0.54,21.0,124.0,7.0
2024-03-09T17:00:00Z,0.54,27.0,113.0,8.0
2024-03-09T18:00:00Z,0.59,31.0,105.0,8.0
2024-03-09T19:00:00Z,0.6,30.0,105.0,8.0
2024-03-09T20:00:00Z,0.63,33.0,97.0,8.0
2024-03-09T21:00:00Z,0.63,33.0,94.0,9.0
2024-03-09T22:00:00Z,0.64,29.0,96.0,8.0
2024-03-09T23:00:00Z,0.65,27.0,96.0,9.0
2024-03-10T00:00:00Z,0.65,25.0,96.0,9.0
2024-03-10T01:00:00Z,0.65,25.0,93.0,9.0
2024-03-10T02:00:00Z,0.66,27.0,87.0,9.0
2024-03-10T03:00:00Z,0.67,30.0,78.0,9.0
2024-03-10T04:00:00Z,0.69,33.0,69.0,9.0
2024-03-10T05:00:00Z,0.66,37.0,59.0,9.0
2024-03-10T06:00:00Z,0.71,36.0,53.0,9.0
2024-03-10T07:00:00Z,0.75,33.0,55.0,10.0
2024-03-10T08:00:00Z,0.88,31.0,68.0,11.0
2024-03-10T09:00:00Z,0.94,29.0,90.0,11.0
2024-03-10T10:00:00Z,0.83,25.0,124.0,10.0
2024-03-10T11:00:00Z,0.75,23.0,150.0,9.0
2024-03-10T12:00:00Z,0.74,23.0,158.0,8.0
2024-03-10T13:00:00Z,0.64,24.0,161.0,8.0
2024-03-10T14:00:00Z,0.64,24.0,159.0,8.0
2024-03-10T15:00:00Z,0.63,25.0,154.0,8.0
2024-03-10T16:00:00Z,0.66,27.0,151.0,8.0
2024-03-10T17:00:00Z,0.66,32.0,142.0,8.0
2024-03-10T18:00:00Z,0.7,34.0,134.0,8.0
2024-03-10T19:00:00Z,0.71,35.0,128.0,8.0
2024-03-10T20:00:00Z,0.73,39.0,110.0,8.0
2024-03-10T21:00:00Z,0.74,38.0,101.0,9.0
2024-03-10T22:00:00Z,0.76,36.0,94.0,9.0
2024-03-10T23:00:00Z,0.79,36.0,87.0,9.0
2024-03-11T00:00:00Z,0.74,39.0,78.0,9.0
2024-03-11T01:00:00Z,0.75,42.0,68.0,8.0
2024-03-11T02:00:00Z,0.73,46.0,58.0,8.0
2024-03-11T03:00:00Z,0.71,48.0,54.0,8.0
2024-03-11T04:00:00Z,0.74,48.0,47.0,8.0
2024-03-11T05:00:00Z,0.75,51.0,43.0,8.0
2024-03-11T06:00:00Z,0.82,58.0,33.0,8.0
2024-03-11T07:00:00Z,0.91,53.0,45.0,11.0
2024-03-11T08:00:00Z,0.89,48.0,71.0,13.0
2024-03-11T09:00:00Z,0.81,39.0,91.0,14.0
2024-03-11T10:00:00Z,0.8,30.0,105.0,13.0
2024-03-11T11:00:00Z,0.74,24.0,120.0,12.0
2024-03-11T12:00:00Z,0.73,22.0,139.0,13.0
2024-03-11T13:00:00Z,0.63,20.0,146.0,11.0
2024-03-11T14:00:00Z,0.46,19.0,138.0,10.0
2024-03-11T15:00:00Z,0.46,21.0,133.0,9.0
2024-03-11T16:00:00Z,0.47,26.0,124.0,9.0
2024-03-11T17:00:00Z,0.56,35.0,109.0,9.0
2024-03-11T18:00:00Z,0.61,41.0,100.0,11.0
2024-03-11T19:00:00Z,0.74,46.0,96.0,13.0
2024-03-11T20:00:00Z,0.72,41.0,90.0,12.0
2024-03-11T21:00:00Z,0.72,34.0,86.0,13.0
2024-03-11T22:00:00Z,0.7,32.0,83.0,11.0
2024-03-11T23:00:00Z,0.65,33.0,79.0,11.0
2024-03-12T00:00:00Z,0.63,34.0,74.0,12.0
2024-03-12T01:00:00Z,0.75,38.0,66.0,11.0
2024-03-12T02:00:00Z,0.85,39.0,65.0,11.0
2024-03-12T03:00:00Z,0.95,40.0,59.0,11.0
2024-03-12T04:00:00Z,0.94,39.0,61.0,11.0
2024-03-12T05:00:00Z,0.76,32.0,79.0,10.0
2024-03-12T06:00:00Z,0.7,31.0,83.0,10.0
2024-03-12T07:00:00Z,0.65,27.0,87.0,9.0
2024-03-12T08:00:00Z,0.55,21.0,94.0,9.0
2024-03-12T09:00:00Z,0.51,21.0,96.0,9.0
2024-03-12T10:00:00Z,0.54,21.0,104.0,9.0
2024-03-12T11:00:00Z,0.51,19.0,113.0,9.0
2024-03-12T12:00:00Z,0.49,18.0,118.0,9.0
2024-03-12T13:00:00Z,0.44,18.0,120.0,8.0
2024-03-12T14:00:00Z,0.38,17.0,120.0,7.0
2024-03-12T15:00:00Z,0.36,18.0,121.0,7.0
2024-03-12T16:00:00Z,0.38,21.0,120.0,7.0
2024-03-12T17:00:00Z,0.46,29.0,113.0,7.0
2024-03-12T18:00:00Z,0.55,34.0,107.0,9.0
2024-03-12T19:00:00Z,0.59,34.0,99.0,9.0
2024-03-12T20:00:00Z,0.59,31.0,98.0,9.0
2024-03-12T21:00:00Z,0.63,32.0,89.0,9.0
2024-03-12T22:00:00Z,0.68,26.0,91.0,8.0
2024-03-12T23:00:00Z,0.65,25.0,87.0,8.0
2024-03-13T00:00:00Z,0.61,24.0,85.0,7.0
2024-03-13T01:00:00Z,0.64,23.0,85.0,7.0
2024-03-13T02:00:00Z,0.64,22.0,83.0,7.0
2024-03-13T03:00:00Z,0.66,22.0,79.0,8.0
2024-03-13T04:00:00Z,0.67,24.0,74.0,8.0
2024-03-13T05:00:00Z,0.66,26.0,68.0,8.0
2024-03-13T06:00:00Z,0.74,29.0,63.0,9.0
2024-03-13T07:00:00Z,0.8,29.0,66.0,9.0
2024-03-13T08:00:00Z,0.71,27.0,75.0,8.0
2024-03-13T09:00:00Z,0.65,23.0,89.0,9.0
2024-03-13T10:00:00Z,0.5,19.0,108.0,7.0
2024-03-13T11:00:00Z,0.44,17.0,120.0,7.0
2024-03-13T12:00:00Z,0.44,18.0,125.0,8.0
2024-03-13T13:00:00Z,0.44,20.0,125.0,7.0
2024-03-13T14:00:00Z,0.41,19.0,121.0,7.0
2024-03-13T15:00:00Z,0.41,21.0,114.0,7.0
2024-03-13T16:00:00Z,0.41,23.0,106.0,7.0
2024-03-13T17:00:00Z,0.44,26.0,95.0,7.0
2024-03-13T18:00:00Z,0.42,31.0,80.0,7.0
2024-03-13T19:00:00Z,0.41,34.0,71.0,7.0
2024-03-13T20:00:00Z,0.44,33.0,68.0,7.0
2024-03-13T21:00:00Z,0.46,34.0,66.0,10.0
2024-03-13T22:00:00Z,0.45,32.0,63.0,11.0
2024-03-13T23:00:00Z,0.5,32.0,58.0,10.0
2024-03-14T00:00:00Z,0.49,36.0,50.0,10.0
2024-03-14T01:00:00Z,0.49,47.0,36.0,9.0
2024-03-14T02:00:00Z,0.5,50.0,33.0,8.0
2024-03-14T03:00:00Z,0.55,46.0,37.0,7.0
2024-03-14T04:00:00Z,0.52,42.0,44.0,6.0
2024-03-14T05:00:00Z,0.54,40.0,54.0,6.0
2024-03-14T06:00:00Z,0.54,40.0,59.0,6.0
2024-03-14T07:00:00Z,0.55,41.0,59.0,7.0
2024-03-14T08:00:00Z,0.45,30.0,88.0,7.0
2024-03-14T09:00:00Z,0.39,20.0,108.0,7.0
2024-03-14T10:00:00Z,0.36,15.0,117.0,6.0
2024-03-14T11:00:00Z,0.34,14.0,122.0,6.0
2024-03-14T12:00:00Z,0.32,14.0,123.0,6.0
2024-03-14T13:00:00Z,0.33,15.0,127.0,6.0
2024-03-14T14:00:00Z,0.35,15.0,129.0,6.0
2024-03-14T15:00:00Z,0.33,16.0,126.0,6.0
2024-03-14T16:00:00Z,0.36,18.0,119.0,6.0
2024-03-14T17:00:00Z,0.39,20.0,112.0,6.0
2024-03-14T18:00:00Z,0.4,24.0,99.0,6.0
2024-03-14T19:00:00Z,0.41,25.0,95.0,6.0
2024-03-14T20:00:00Z,0.4,25.0,90.0,6.0
2024-03-14T21:00:00Z,0.41,23.0,88.0,6.0
2024-03-14T22:00:00Z,0.4,22.0,86.0,6.0
2024-03-14T23:00:00Z,0.43,25.0,76.0,6.0
2024-03-15T00:00:00Z,0.43,26.0,66.0,6.0
2024-03-15T01:00:00Z,0.47,29.0,57.0,6.0
2024-03-15T02:00:00Z,0.47,47.0,35.0,6.0
2024-03-15T03:00:00Z,0.49,45.0,34.0,6.0
2024-03-15T04:00:00Z,0.51,52.0,27.0,7.0
2024-03-15T05:00:00Z,0.59,53.0,27.0,8.0
2024-03-15T06:00:00Z,0.66,49.0,33.0,10.0
2024-03-15T07:00:00Z,0.68,34.0,55.0,11.0
2024-03-15T08:00:00Z,0.64,27.0,77.0,10.0
2024-03-15T09:00:00Z,0.53,19.0,107.0,8.0
2024-03-15T10:00:00Z,0.46,18.0,115.0,8.0
2024-03-15T11:00:00Z,0.47,15.0,125.0,7.0
2024-03-15T12:00:00Z,0.41,15.0,129.0,6.0
2024-03-15T13:00:00Z,0.39,16.0,133.0,6.0
2024-03-15T14:00:00Z,0.35,17.0,134.0,10.0
2024-03-15T15:00:00Z,0.36,18.0,132.0,6.0
2024-03-15T16:00:00Z,0.35,21.0,124.0,6.0
2024-03-15T17:00:00Z,0.41,24.0,114.0,6.0
2024-03-15T18:00:00Z,0.41,25.0,102.0,6.0
2024-03-15T19:00:00Z,0.41,26.0,101.0,6.0
2024-03-15T20:00:00Z,0.46,27.0,99.0,7.0
2024-03-15T21:00:00Z,0.51,30.0,87.0,7.0
2024-03-15T22:00:00Z,0.5,35.0,68.0,7.0
2024-03-15T23:00:00Z,0.47,33.0,60.0,7.0
2024-03-16T00:00:00Z,0.46,32.0,56.0,6.0
2024-03-16T01:00:00Z,0.44,30.0,51.0,6.0
2024-03-16T02:00:00Z,0.45,32.0,41.0,7.0
2024-03-16T03:00:00Z,0.47,31.0,34.0,7.0
2024-03-16T04:00:00Z,0.47,34.0,26.0,7.0
2024-03-16T05:00:00Z,0.46,35.0,21.0,7.0
2024-03-16T06:00:00Z,0.51,34.0,21.0,7.0
2024-03-16T07:00:00Z,0.54,32.0,26.0,8.0
2024-03-16T08:00:00Z,0.58,30.0,32.0,8.0
2024-03-16T09:00:00Z,0.66,29.0,50.0,9.0
2024-03-16T10:00:00Z,0.76,27.0,81.0,10.0
2024-03-16T11:00:00Z,0.75,25.0,122.0,11.0
2024-03-16T12:00:00Z,0.71,23.0,153.0,11.0
2024-03-16T13:00:00Z,0.67,21.0,172.0,10.0
2024-03-16T14:00:00Z,0.66,22.0,179.0,10.0
2024-03-16T15:00:00Z,0.66,21.0,170.0,9.0
2024-03-16T16:00:00Z,0.66,23.0,152.0,9.0
2024-03-16T17:00:00Z,0.74,30.0,137.0,9.0
2024-03-16T18:00:00Z,0.8,45.0,108.0,9.0
2024-03-16T19:00:00Z,0.94,58.0,85.0,9.0
2024-03-16T20:00:00Z,1.17,65.0,70.0,10.0
2024-03-16T21:00:00Z,1.27,65.0,58.0,10.0
2024-03-16T22:00:00Z,1.38,64.0,46.0,9.0
2024-03-16T23:00:00Z,1.41,67.0,34.0,9.0
2024-03-17T00:00:00Z,1.31,65.0,37.0,9.0
2024-03-17T01:00:00Z,1.14,61.0,53.0,9.0
2024-03-17T02:00:00Z,0.96,53.0,68.0,11.0
2024-03-17T03:00:00Z,0.89,40.0,81.0,12.0
2024-03-17T04:00:00Z,0.68,28.0,88.0,11.0
2024-03-17T05:00:00Z,0.5,27.0,68.0,8.0
2024-03-17T06:00:00Z,0.35,22.0,64.0,7.0
2024-03-17T07:00:00Z,0.34,21.0,66.0,7.0
2024-03-17T08:00:00Z,0.36,21.0,67.0,7.0
2024-03-17T09:00:00Z,0.44,22.0,69.0,7.0
2024-03-17T10:00:00Z,0.44,20.0,75.0,7.0
2024-03-17T11:00:00Z,0.44,18.0,80.0,7.0
2024-03-17T12:00:00Z,0.44,19.0,82.0,7.0
2024-03-17T13:00:00Z,0.44,20.0,85.0,7.0
2024-03-17T14:00:00Z,0.38,20.0,89.0,7.0
2024-03-17T15:00:00Z,0.34,21.0,92.0,7.0
2024-03-17T16:00:00Z,0.36,23.0,90.0,7.0
2024-03-17T17:00:00Z,0.39,26.0,84.0,7.0
2024-03-17T18:00:00Z,0.4,34.0,71.0,7.0
2024-03-17T19:00:00Z,0.44,35.0,64.0,8.0
2024-03-17T20:00:00Z,0.44,31.0,63.0,9.0
2024-03-17T21:00:00Z,0.46,32.0,60.0,8.0
2024-03-17T22:00:00Z,0.43,30.0,62.0,7.0
2024-03-17T23:00:00Z,0.45,27.0,66.0,7.0
2024-03-18T00:00:00Z,0.45,25.0,70.0,7.0
2024-03-18T01:00:00Z,0.49,24.0,71.0,7.0
2024-03-18T02:00:00Z,0.48,23.0,75.0,8.0
2024-03-18T03:00:00Z,0.46,24.0,75.0,8.0
2024-03-18T04:00:00Z,0.51,28.0,66.0,8.0
2024-03-18T05:00:00Z,0.53,32.0,62.0,8.0
2024-03-18T06:00:00Z,0.54,38.0,60.0,8.0
2024-03-18T07:00:00Z,0.5,31.0,75.0,8.0
2024-03-18T08:00:00Z,0.47,28.0,79.0,7.0
2024-03-18T09:00:00Z,0.44,24.0,81.0,7.0
2024-03-18T10:00:00Z,0.39,23.0,82.0,6.0
2024-03-18T11:00:00Z,0.36,21.0,81.0,6.0
2024-03-18T12:00:00Z,0.36,23.0,81.0,6.0
2024-03-18T13:00:00Z,0.36,25.0,78.0,8.0
2024-03-18T14:00:00Z,0.4,30.0,74.0,8.0
2024-03-18T15:00:00Z,0.39,33.0,72.0,8.0
2024-03-18T16:00:00Z,0.41,38.0,65.0,8.0
2024-03-18T17:00:00Z,0.5,45.0,46.0,9.0
2024-03-18T18:00:00Z,0.56,48.0,37.0,9.0
2024-03-18T19:00:00Z,0.51,46.0,37.0,10.0
2024-03-18T20:00:00Z,0.53,43.0,36.0,10.0
2024-03-18T21:00:00Z,0.48,44.0,31.0,10.0
2024-03-18T22:00:00Z,0.49,43.0,30.0,11.0
2024-03-18T23:00:00Z,0.49,38.0,33.0,11.0
2024-03-19T00:00:00Z,0.56,40.0,31.0,11.0
2024-03-19T01:00:00Z,0.57,38.0,37.0,11.0
2024-03-19T02:00:00Z,0.54,28.0,47.0,9.0
2024-03-19T03:00:00Z,0.51,25.0,46.0,9.0
2024-03-19T04:00:00Z,0.51,26.0,40.0,9.0
2024-03-19T05:00:00Z,0.6,30.0,33.0,9.0
2024-03-19T06:00:00Z,0.64,32.0,33.0,10.0
2024-03-19T07:00:00Z,0.6,29.0,44.0,12.0
2024-03-19T08:00:00Z,0.49,22.0,66.0,9.0
2024-03-19T09:00:00Z,0.36,16.0,81.0,7.0
2024-03-19T10:00:00Z,0.4,16.0,87.0,7.0
2024-03-19T11:00:00Z,0.36,14.0,90.0,7.0
2024-03-19T12:00:00Z,0.34,12.0,95.0,6.0
2024-03-19T13:00:00Z,0.34,13.0,98.0,6.0
2024-03-19T14:00:00Z,0.34,13.0,102.0,7.0
2024-03-19T15:00:00Z,0.37,14.0,104.0,8.0
2024-03-19T16:00:00Z,0.4,16.0,104.0,8.0
2024-03-19T17:00:00Z,0.4,21.0,94.0,7.0
2024-03-19T18:00:00Z,0.45,32.0,76.0,8.0
2024-03-19T19:00:00Z,0.51,39.0,62.0,8.0
2024-03-19T20:00:00Z,0.54,51.0,44.0,8.0
2024-03-19T21:00:00Z,0.59,60.0,31.0,9.0
2024-03-19T22:00:00Z,0.64,61.0,24.0,9.0
2024-03-19T23:00:00Z,0.64,65.0,18.0,10.0
2024-03-20T00:00:00Z,0.65,68.0,13.0,11.0
2024-03-20T01:00:00Z,0.67,66.0,10.0,10.0
2024-03-20T02:00:00Z,0.7,71.0,6.0,9.0
2024-03-20T03:00:00Z,0.69,71.0,8.0,11.0
2024-03-20T04:00:00Z,0.59,57.0,21.0,10.0
2024-03-20T05:00:00Z,0.5,33.0,44.0,8.0
2024-03-20T06:00:00Z,0.49,26.0,55.0,7.0
2024-03-20T07:00:00Z,0.46,21.0,65.0,7.0
2024-03-20T08:00:00Z,0.45,18.0,73.0,8.0
2024-03-20T09:00:00Z,0.44,18.0,78.0,9.0
2024-03-20T10:00:00Z,0.5,17.0,84.0,10.0
2024-03-20T11:00:00Z,0.53,18.0,89.0,11.0
2024-03-20T12:00:00Z,0.57,18.0,97.0,11.0
2024-03-20T13:00:00Z,0.53,18.0,102.0,10.0
2024-03-20T14:00:00Z,0.45,17.0,104.0,8.0
2024-03-20T15:00:00Z,0.4,17.0,107.0,7.0
2024-03-20T16:00:00Z,0.4,20.0,104.0,7.0
2024-03-20T17:00:00Z,0.43,25.0,96.0,8.0
2024-03-20T18:00:00Z,0.43,36.0,80.0,8.0
2024-03-20T19:00:00Z,0.43,36.0,75.0,7.0
2024-03-20T20:00:00Z,0.44,32.0,72.0,8.0
2024-03-20T21:00:00Z,0.46,31.0,69.0,10.0
2024-03-20T22:00:00Z,0.45,30.0,68.0,10.0
2024-03-20T23:00:00Z,0.44,30.0,68.0,10.0
2024-03-21T00:00:00Z,0.45,29.0,69.0,10.0
2024-03-21T01:00:00Z,0.45,31.0,64.0,10.0
2024-03-21T02:00:00Z,0.5,30.0,59.0,11.0
2024-03-21T03:00:00Z,0.49,33.0,51.0,9.0
2024-03-21T04:00:00Z,0.49,32.0,49.0,9.0
2024-03-21T05:00:00Z,0.54,39.0,42.0,9.0
2024-03-21T06:00:00Z,0.56,40.0,42.0,10.0
2024-03-21T07:00:00Z,0.59,36.0,50.0,11.0
2024-03-21T08:00:00Z,0.63,34.0,61.0,12.0
2024-03-21T09:00:00Z,0.59,29.0,79.0,11.0
2024-03-21T10:00:00Z,0.57,25.0,98.0,10.0
2024-03-21T11:00:00Z,0.5,19.0,115.0,9.0
2024-03-21T12:00:00Z,0.42,16.0,128.0,8.0
2024-03-21T13:00:00Z,0.41,15.0,132.0,7.0
2024-03-21T14:00:00Z,0.38,15.0,132.0,7.0
2024-03-21T15:00:00Z,0.39,16.0,130.0,7.0
2024-03-21T16:00:00Z,0.42,20.0,124.0,7.0
2024-03-21T17:00:00Z,0.45,23.0,113.0,7.0
2024-03-21T18:00:00Z,0.46,23.0,104.0,7.0
2024-03-21T19:00:00Z,0.41,22.0,98.0,8.0
2024-03-21T20:00:00Z,0.41,23.0,94.0,8.0
2024-03-21T21:00:00Z,0.42,22.0,93.0,8.0
2024-03-21T22:00:00Z,0.44,24.0,87.0,9.0
2024-03-21T23:00:00Z,0.45,26.0,80.0,9.0
2024-03-22T00:00:00Z,0.5,28.0,71.0,10.0
2024-03-22T01:00:00Z,0.52,28.0,66.0,10.0
2024-03-22T02:00:00Z,0.52,25.0,66.0,10.0
2024-03-22T03:00:00Z,0.55,26.0,61.0,10.0
2024-03-22T04:00:00Z,0.56,29.0,55.0,10.0
2024-03-22T05:00:00Z,0.59,34.0,47.0,10.0
2024-03-22T06:00:00Z,0.61,33.0,52.0,10.0
2024-03-22T07:00:00Z,0.66,31.0,58.0,11.0
2024-03-22T08:00:00Z,0.59,27.0,73.0,11.0
2024-03-22T09:00:00Z,0.55,20.0,92.0,10.0
2024-03-22T10:00:00Z,0.55,17.0,106.0,10.0
2024-03-22T11:00:00Z,0.59,15.0,119.0,9.0
2024-03-22T12:00:00Z,0.56,15.0,126.0,9.0
2024-03-22T13:00:00Z,0.56,15.0,131.0,9.0
2024-03-22T14:00:00Z,0.54,15.0,139.0,10.0
2024-03-22T15:00:00Z,0.59,17.0,144.0,10.0
2024-03-22T16:00:00Z,0.63,24.0,140.0,10.0
2024-03-22T17:00:00Z,0.72,33.0,124.0,10.0
2024-03-22T18:00:00Z,0.85,50.0,89.0,10.0
2024-03-22T19:00:00Z,1.06,66.0,59.0,10.0
2024-03-22T20:00:00Z,1.03,89.0,34.0,10.0
2024-03-22T21:00:00Z,0.9,83.0,43.0,10.0
2024-03-22T22:00:00Z,0.8,70.0,50.0,11.0
2024-03-22T23:00:00Z,0.78,63.0,52.0,10.0
2024-03-23T00:00:00Z,0.78,55.0,53.0,13.0
2024-03-23T01:00:00Z,0.76,45.0,57.0,13.0
2024-03-23T02:00:00Z,0.76,38.0,67.0,13.0
2024-03-23T03:00:00Z,0.75,35.0,69.0,12.0
2024-03-23T04:00:00Z,0.69,33.0,67.0,12.0
2024-03-23T05:00:00Z,0.64,35.0,65.0,12.0
2024-03-23T06:00:00Z,0.61,36.0,63.0,11.0
2024-03-23T07:00:00Z,0.61,34.0,66.0,11.0
2024-03-23T08:00:00Z,0.6,32.0,72.0,12.0
2024-03-23T09:00:00Z,0.56,29.0,81.0,11.0
2024-03-23T10:00:00Z,0.57,30.0,87.0,10.0
2024-03-23T11:00:00Z,0.61,30.0,98.0,10.0
2024-03-23T12:00:00Z,0.63,31.0,99.0,9.0
2024-03-23T13:00:00Z,0.65,30.0,92.0,7.0
2024-03-23T14:00:00Z,0.63,27.0,92.0,6.0
2024-03-23T15:00:00Z,0.66,26.0,96.0,6.0
2024-03-23T16:00:00Z,0.71,27.0,97.0,7.0
2024-03-23T17:00:00Z,0.74,24.0,106.0,6.0
2024-03-23T18:00:00Z,0.71,22.0,111.0,6.0
2024-03-23T19:00:00Z,0.73,20.0,113.0,6.0
2024-03-23T20:00:00Z,0.7,19.0,112.0,6.0
2024-03-23T21:00:00Z,0.63,18.0,111.0,6.0
2024-03-23T22:00:00Z,0.54,16.0,109.0,5.0
2024-03-23T23:00:00Z,0.59,16.0,113.0,5.0
2024-03-24T00:00:00Z,0.6,15.0,116.0,5.0
2024-03-24T01:00:00Z,0.56,14.0,115.0,5.0
2024-03-24T02:00:00Z,0.58,14.0,109.0,5.0
2024-03-24T03:00:00Z,0.58,14.0,105.0,5.0
2024-03-24T04:00:00Z,0.58,14.0,102.0,5.0
2024-03-24T05:00:00Z,0.56,15.0,100.0,5.0
2024-03-24T06:00:00Z,0.55,17.0,95.0,6.0
2024-03-24T07:00:00Z,0.55,19.0,89.0,7.0
2024-03-24T08:00:00Z,0.53,22.0,84.0,8.0
2024-03-24T09:00:00Z,0.53,24.0,81.0,9.0
2024-03-24T10:00:00Z,0.55,24.0,80.0,10.0
2024-03-24T11:00:00Z,0.53,20.0,87.0,11.0
2024-03-24T12:00:00Z,0.52,20.0,88.0,13.0
2024-03-24T13:00:00Z,0.46,22.0,85.0,13.0
2024-03-24T14:00:00Z,0.46,21.0,87.0,11.0
2024-03-24T15:00:00Z,0.46,22.0,89.0,9.0
2024-03-24T16:00:00Z,0.51,23.0,89.0,9.0
2024-03-24T17:00:00Z,0.5,23.0,90.0,9.0
2024-03-24T18:00:00Z,0.53,22.0,89.0,11.0
2024-03-24T19:00:00Z,0.48,20.0,92.0,11.0
2024-03-24T20:00:00Z,0.5,22.0,94.0,12.0
2024-03-24T21:00:00Z,0.49,21.0,97.0,10.0
2024-03-24T22:00:00Z,0.5,19.0,87.0,7.0
2024-03-24T23:00:00Z,0.74,18.0,85.0,6.0
2024-03-25T00:00:00Z,0.86,17.0,85.0,6.0
2024-03-25T01:00:00Z,0.7,19.0,81.0,6.0
2024-03-25T02:00:00Z,0.61,21.0,70.0,6.0
2024-03-25T03:00:00Z,0.6,22.0,62.0,6.0
2024-03-25T04:00:00Z,0.59,22.0,58.0,6.0
2024-03-25T05:00:00Z,0.67,25.0,51.0,6.0
2024-03-25T06:00:00Z,0.76,29.0,42.0,6.0
2024-03-25T07:00:00Z,0.74,27.0,47.0,6.0
2024-03-25T08:00:00Z,0.7,25.0,55.0,6.0
2024-03-25T09:00:00Z,0.69,22.0,74.0,6.0
2024-03-25T10:00:00Z,0.63,21.0,84.0,6.0
2024-03-25T11:00:00Z,0.59,21.0,78.0,6.0
2024-03-25T12:00:00Z,0.57,23.0,69.0,5.0
2024-03-25T13:00:00Z,0.59,26.0,57.0,5.0
2024-03-25T14:00:00Z,0.57,27.0,55.0,5.0
2024-03-25T15:00:00Z,0.57,27.0,55.0,5.0
2024-03-25T16:00:00Z,0.57,28.0,49.0,5.0
2024-03-25T17:00:00Z,0.57,28.0,44.0,5.0
2024-03-25T18:00:00Z,0.59,28.0,38.0,6.0
2024-03-25T19:00:00Z,0.68,29.0,31.0,6.0
2024-03-25T20:00:00Z,0.68,29.0,29.0,6.0
2024-03-25T21:00:00Z,0.68,30.0,26.0,6.0
2024-03-25T22:00:00Z,0.71,29.0,24.0,6.0
2024-03-25T23:00:00Z,0.76,28.0,23.0,7.0
2024-03-26T00:00:00Z,0.79,29.0,21.0,7.0
2024-03-26T01:00:00Z,0.84,31.0,18.0,7.0
2024-03-26T02:00:00Z,0.84,31.0,17.0,7.0
2024-03-26T03:00:00Z,0.82,27.0,21.0,7.0
2024-03-26T04:00:00Z,0.82,26.0,21.0,7.0
2024-03-26T05:00:00Z,0.88,30.0,18.0,7.0
2024-03-26T06:00:00Z,0.94,29.0,24.0,7.0
2024-03-26T07:00:00Z,0.86,24.0,41.0,8.0
2024-03-26T08:00:00Z,0.81,24.0,56.0,8.0
2024-03-26T09:00:00Z,0.67,20.0,82.0,7.0
2024-03-26T10:00:00Z,0.63,19.0,102.0,7.0
2024-03-26T11:00:00Z,0.59,16.0,114.0,7.0
2024-03-26T12:00:00Z,0.59,17.0,122.0,7.0
2024-03-26T13:00:00Z,0.63,18.0,129.0,7.0
2024-03-26T14:00:00Z,0.63,19.0,131.0,7.0
2024-03-26T15:00:00Z,0.6,19.0,111.0,7.0
2024-03-26T16:00:00Z,0.56,20.0,99.0,8.0
2024-03-26T17:00:00Z,0.56,22.0,90.0,7.0
2024-03-26T18:00:00Z,0.61,29.0,73.0,7.0
2024-03-26T19:00:00Z,0.66,30.0,64.0,7.0
2024-03-26T20:00:00Z,0.61,33.0,59.0,6.0
2024-03-26T21:00:00Z,0.58,27.0,63.0,6.0
2024-03-26T22:00:00Z,0.58,23.0,63.0,6.0
2024-03-26T23:00:00Z,0.56,22.0,64.0,6.0
2024-03-27T00:00:00Z,0.56,21.0,66.0,6.0
2024-03-27T01:00:00Z,0.56,23.0,65.0,6.0
2024-03-27T02:00:00Z,0.56,19.0,71.0,6.0
2024-03-27T03:00:00Z,0.56,19.0,68.0,6.0
2024-03-27T04:00:00Z,0.58,20.0,65.0,6.0
2024-03-27T05:00:00Z,0.6,24.0,59.0,7.0
2024-03-27T06:00:00Z,0.67,27.0,55.0,7.0
2024-03-27T07:00:00Z,0.72,26.0,57.0,8.0
2024-03-27T08:00:00Z,0.7,25.0,60.0,8.0
2024-03-27T09:00:00Z,0.71,25.0,58.0,8.0
2024-03-27T10:00:00Z,0.74,26.0,51.0,7.0
2024-03-27T11:00:00Z,0.74,24.0,61.0,7.0
2024-03-27T12:00:00Z,0.76,25.0,62.0,6.0
2024-03-27T13:00:00Z,0.76,26.0,62.0,7.0
2024-03-27T14:00:00Z,0.74,28.0,59.0,7.0
2024-03-27T15:00:00Z,0.8,29.0,59.0,7.0
2024-03-27T16:00:00Z,0.8,31.0,54.0,6.0
2024-03-27T17:00:00Z,0.87,34.0,48.0,7.0
2024-03-27T18:00:00Z,0.86,32.0,42.0,7.0
2024-03-27T20:00:00Z,0.75,29.0,41.0,7.0
2024-03-27T21:00:00Z,0.8,28.0,39.0,6.0
2024-03-27T22:00:00Z,0.8,27.0,37.0,6.0
2024-03-27T23:00:00Z,0.77,28.0,35.0,6.0
2024-03-28T00:00:00Z,0.79,27.0,34.0,6.0
2024-03-28T01:00:00Z,0.77,25.0,34.0,6.0
2024-03-28T02:00:00Z,0.79,27.0,27.0,6.0
2024-03-28T03:00:00Z,0.81,30.0,21.0,6.0
2024-03-28T04:00:00Z,0.8,33.0,17.0,6.0
2024-03-28T05:00:00Z,0.84,34.0,17.0,6.0
2024-03-28T06:00:00Z,0.85,36.0,20.0,7.0
2024-03-28T07:00:00Z,0.84,37.0,24.0,7.0
2024-03-28T08:00:00Z,0.74,27.0,46.0,6.0
2024-03-28T09:00:00Z,0.69,23.0,62.0,6.0
2024-03-28T10:00:00Z,0.68,19.0,72.0,6.0
2024-03-28T11:00:00Z,0.64,17.0,81.0,6.0
2024-03-28T12:00:00Z,0.65,17.0,89.0,6.0
2024-03-28T13:00:00Z,0.64,20.0,93.0,6.0
2024-03-28T14:00:00Z,0.62,21.0,95.0,7.0
2024-03-28T15:00:00Z,0.68,20.0,96.0,7.0
2024-03-28T16:00:00Z,0.76,22.0,87.0,7.0
2024-03-28T17:00:00Z,0.83,25.0,76.0,7.0
2024-03-28T18:00:00Z,0.79,23.0,74.0,7.0
2024-03-28T19:00:00Z,0.77,21.0,72.0,7.0
2024-03-28T20:00:00Z,0.7,22.0,64.0,7.0
2024-03-28T21:00:00Z,0.69,22.0,65.0,7.0
2024-03-28T22:00:00Z,0.69,21.0,69.0,8.0
2024-03-28T23:00:00Z,0.63,20.0,80.0,9.0
2024-03-29T00:00:00Z,0.61,19.0,86.0,8.0
2024-03-29T01:00:00Z,0.61,18.0,90.0,8.0
2024-03-29T02:00:00Z,0.6,17.0,92.0,8.0
2024-03-29T03:00:00Z,0.61,16.0,91.0,8.0
2024-03-29T04:00:00Z,0.63,16.0,88.0,8.0
2024-03-29T05:00:00Z,0.61,20.0,82.0,8.0
2024-03-29T06:00:00Z,0.6,20.0,81.0,8.0
2024-03-29T07:00:00Z,0.57,20.0,83.0,8.0
2024-03-29T08:00:00Z,0.54,17.0,90.0,9.0
2024-03-29T09:00:00Z,0.59,15.0,93.0,9.0
2024-03-29T10:00:00Z,0.59,14.0,100.0,8.0
2024-03-29T11:00:00Z,0.57,14.0,113.0,9.0
2024-03-29T12:00:00Z,0.53,15.0,126.0,9.0
2024-03-29T13:00:00Z,0.51,16.0,135.0,9.0
2024-03-29T14:00:00Z,0.5,16.0,141.0,9.0
2024-03-29T15:00:00Z,0.49,16.0,142.0,9.0
2024-03-29T16:00:00Z,0.56,17.0,133.0,9.0
2024-03-29T17:00:00Z,0.61,22.0,114.0,9.0
2024-03-29T18:00:00Z,0.64,31.0,91.0,9.0
2024-03-29T19:00:00Z,0.63,32.0,83.0,9.0
2024-03-29T20:00:00Z,0.6,29.0,84.0,9.0
2024-03-29T21:00:00Z,0.65,32.0,76.0,9.0
2024-03-29T22:00:00Z,0.7,31.0,65.0,9.0
2024-03-29T23:00:00Z,0.75,27.0,64.0,8.0
2024-03-30T00:00:00Z,0.78,23.0,65.0,8.0
2024-03-30T01:00:00Z,0.76,24.0,60.0,8.0
2024-03-30T02:00:00Z,0.78,25.0,57.0,8.0
2024-03-30T03:00:00Z,0.76,27.0,53.0,8.0
2024-03-30T04:00:00Z,0.78,34.0,41.0,8.0
2024-03-30T05:00:00Z,0.75,39.0,36.0,8.0
2024-03-30T06:00:00Z,0.78,37.0,46.0,9.0
2024-03-30T07:00:00Z,0.8,34.0,59.0,10.0
2024-03-30T08:00:00Z,0.83,34.0,68.0,11.0
2024-03-30T09:00:00Z,0.81,34.0,81.0,11.0
2024-03-30T10:00:00Z,0.9,24.0,104.0,13.0
2024-03-30T11:00:00Z,0.89,21.0,124.0,14.0
2024-03-30T12:00:00Z,0.76,20.0,149.0,13.0
2024-03-30T13:00:00Z,0.76,21.0,164.0,14.0
2024-03-30T14:00:00Z,0.76,26.0,176.0,12.0
2024-03-30T15:00:00Z,0.63,25.0,170.0,11.0
2024-03-30T16:00:00Z,0.66,27.0,163.0,11.0
2024-03-30T17:00:00Z,0.79,35.0,142.0,12.0
2024-03-30T18:00:00Z,0.89,33.0,129.0,12.0
2024-03-30T19:00:00Z,0.89,29.0,122.0,12.0
2024-03-30T20:00:00Z,0.78,27.0,116.0,11.0
2024-03-30T21:00:00Z,0.63,25.0,110.0,10.0
2024-03-30T22:00:00Z,0.62,26.0,97.0,10.0
2024-03-30T23:00:00Z,0.61,26.0,86.0,10.0
2024-03-31T00:00:00Z,0.51,24.0,85.0,9.0
2024-03-31T01:00:00Z,0.51,24.0,90.0,9.0
2024-03-31T02:00:00Z,0.54,23.0,92.0,8.0
2024-03-31T03:00:00Z,0.53,20.0,96.0,8.0
2024-03-31T04:00:00Z,0.5,19.0,94.0,7.0
2024-03-31T05:00:00Z,0.53,25.0,83.0,8.0
2024-03-31T06:00:00Z,0.51,26.0,79.0,8.0
2024-03-31T07:00:00Z,0.53,24.0,83.0,8.0
2024-03-31T08:00:00Z,0.54,24.0,91.0,9.0
2024-03-31T09:00:00Z,0.5,22.0,103.0,9.0
2024-03-31T10:00:00Z,0.49,18.0,118.0,9.0
2024-03-31T11:00:00Z,0.49,17.0,126.0,9.0
2024-03-31T12:00:00Z,0.48,17.0,131.0,8.0
2024-03-31T13:00:00Z,0.51,16.0,136.0,8.0
2024-03-31T14:00:00Z,0.52,17.0,142.0,9.0
2024-03-31T15:00:00Z,0.55,18.0,139.0,9.0
2024-03-31T16:00:00Z,0.56,18.0,129.0,8.0
2024-03-31T17:00:00Z,0.56,18.0,118.0,8.0
2024-03-31T18:00:00Z,0.59,25.0,98.0,8.0
2024-03-31T19:00:00Z,0.57,24.0,95.0,8.0
2024-03-31T20:00:00Z,0.57,25.0,92.0,8.0
2024-03-31T21:00:00Z,0.6,28.0,85.0,8.0
2024-03-31T22:00:00Z,0.54,26.0,84.0,8.0
2024-03-31T23:00:00Z,0.56,24.0,83.0,8.0
2024-04-01T00:00:00Z,0.56,22.0,83.0,8.0
2024-04-01T01:00:00Z,0.56,23.0,82.0,8.0
2024-04-01T02:00:00Z,0.57,27.0,76.0,8.0
2024-04-01T03:00:00Z,0.57,25.0,76.0,8.0
2024-04-01T04:00:00Z,0.6,26.0,75.0,9.0
2024-04-01T05:00:00Z,0.61,31.0,70.0,9.0
2024-04-01T06:00:00Z,0.66,38.0,64.0,10.0
2024-04-01T07:00:00Z,0.74,32.0,87.0,12.0
2024-04-01T08:00:00Z,0.91,29.0,114.0,15.0
2024-04-01T09:00:00Z,1.07,27.0,132.0,16.0
2024-04-01T10:00:00Z,0.99,20.0,154.0,14.0
2024-04-01T11:00:00Z,0.98,16.0,168.0,13.0
2024-04-01T12:00:00Z,0.94,14.0,172.0,11.0
2024-04-01T13:00:00Z,0.87,14.0,174.0,10.0
2024-04-01T14:00:00Z,0.8,14.0,177.0,9.0
2024-04-01T15:00:00Z,0.8,17.0,184.0,9.0
2024-04-01T16:00:00Z,0.81,21.0,184.0,9.0
2024-04-01T17:00:00Z,0.8,23.0,167.0,9.0
2024-04-01T18:00:00Z,0.78,25.0,154.0,9.0
2024-04-01T19:00:00Z,0.83,28.0,145.0,10.0
2024-04-01T20:00:00Z,0.86,28.0,141.0,10.0
2024-04-01T21:00:00Z,0.96,26.0,143.0,9.0
2024-04-01T22:00:00Z,0.96,24.0,129.0,10.0
2024-04-01T23:00:00Z,0.9,24.0,105.0,10.0
2024-04-02T00:00:00Z,0.89,25.0,84.0,10.0
2024-04-02T01:00:00Z,0.85,27.0,63.0,10.0
2024-04-02T02:00:00Z,0.77,28.0,51.0,11.0
2024-04-02T03:00:00Z,0.72,26.0,53.0,12.0
2024-04-02T04:00:00Z,0.72,24.0,56.0,12.0
2024-04-02T05:00:00Z,0.76,24.0,55.0,11.0
2024-04-02T06:00:00Z,0.81,26.0,54.0,11.0
2024-04-02T07:00:00Z,0.81,28.0,54.0,10.0
2024-04-02T08:00:00Z,0.79,29.0,52.0,10.0
2024-04-02T09:00:00Z,0.79,31.0,50.0,9.0
2024-04-02T10:00:00Z,0.87,31.0,50.0,8.0
2024-04-02T11:00:00Z,1.11,33.0,47.0,8.0
2024-04-02T12:00:00Z,1.51,31.0,66.0,10.0
2024-04-02T13:00:00Z,1.39,34.0,89.0,11.0
2024-04-02T14:00:00Z,1.08,36.0,98.0,11.0
2024-04-02T15:00:00Z,0.91,38.0,86.0,9.0
2024-04-02T16:00:00Z,0.85,40.0,77.0,9.0
2024-04-02T17:00:00Z,0.79,38.0,75.0,9.0
2024-04-02T18:00:00Z,0.8,37.0,67.0,9.0
2024-04-02T19:00:00Z,0.8,37.0,57.0,8.0
2024-04-02T20:00:00Z,0.85,38.0,46.0,8.0
2024-04-02T21:00:00Z,0.83,35.0,47.0,7.0
2024-04-02T22:00:00Z,0.9,32.0,50.0,7.0
2024-04-02T23:00:00Z,0.97,30.0,47.0,7.0
2024-04-03T00:00:00Z,0.9,28.0,47.0,8.0
2024-04-03T01:00:00Z,0.85,31.0,42.0,8.0
2024-04-03T02:00:00Z,0.86,30.0,37.0,8.0
2024-04-03T03:00:00Z,0.82,28.0,35.0,7.0
2024-04-03T04:00:00Z,0.74,24.0,39.0,7.0
2024-04-03T05:00:00Z,0.76,27.0,33.0,7.0
2024-04-03T06:00:00Z,0.79,28.0,32.0,8.0
2024-04-03T07:00:00Z,0.87,28.0,33.0,8.0
2024-04-03T08:00:00Z,0.91,28.0,37.0,7.0
2024-04-03T09:00:00Z,0.93,31.0,39.0,9.0
2024-04-03T10:00:00Z,0.95,30.0,41.0,8.0
2024-04-03T11:00:00Z,0.91,29.0,46.0,8.0
2024-04-03T12:00:00Z,0.9,28.0,49.0,9.0
2024-04-03T13:00:00Z,0.9,30.0,48.0,8.0
2024-04-03T14:00:00Z,0.85,31.0,46.0,7.0
2024-04-03T15:00:00Z,0.84,30.0,45.0,7.0
2024-04-03T16:00:00Z,0.86,32.0,39.0,7.0
2024-04-03T17:00:00Z,0.89,32.0,36.0,7.0
2024-04-03T18:00:00Z,0.86,31.0,34.0,7.0
2024-04-03T19:00:00Z,0.94,36.0,24.0,7.0
2024-04-03T20:00:00Z,0.85,34.0,22.0,7.0
2024-04-03T21:00:00Z,0.74,27.0,31.0,7.0
2024-04-03T22:00:00Z,0.74,26.0,32.0,7.0
2024-04-03T23:00:00Z,0.59,24.0,50.0,7.0
2024-04-04T00:00:00Z,0.46,19.0,70.0,7.0
2024-04-04T01:00:00Z,0.41,20.0,71.0,7.0
2024-04-04T02:00:00Z,0.42,21.0,72.0,8.0
2024-04-04T03:00:00Z,0.45,20.0,74.0,9.0
2024-04-04T04:00:00Z,0.48,22.0,69.0,8.0
2024-04-04T05:00:00Z,0.49,25.0,68.0,8.0
2024-04-04T06:00:00Z,0.49,25.0,71.0,8.0
2024-04-04T07:00:00Z,0.54,25.0,72.0,8.0
2024-04-04T08:00:00Z,0.5,22.0,79.0,9.0
2024-04-04T09:00:00Z,0.49,19.0,88.0,8.0
2024-04-04T10:00:00Z,0.53,19.0,92.0,9.0
2024-04-04T11:00:00Z,0.49,18.0,99.0,10.0
2024-04-04T12:00:00Z,0.53,18.0,104.0,10.0
2024-04-04T13:00:00Z,0.54,18.0,106.0,9.0
2024-04-04T14:00:00Z,0.55,17.0,112.0,9.0
2024-04-04T15:00:00Z,0.46,18.0,112.0,8.0
2024-04-04T16:00:00Z,0.45,20.0,107.0,8.0
2024-04-04T17:00:00Z,0.48,24.0,95.0,8.0
2024-04-04T18:00:00Z,0.48,28.0,80.0,8.0
2024-04-04T19:00:00Z,0.49,29.0,72.0,8.0
2024-04-04T20:00:00Z,0.56,34.0,57.0,8.0
2024-04-04T21:00:00Z,0.61,40.0,40.0,7.0
2024-04-04T22:00:00Z,0.6,40.0,34.0,7.0
2024-04-04T23:00:00Z,0.62,46.0,25.0,7.0
2024-04-05T00:00:00Z,0.63,44.0,21.0,7.0
2024-04-05T01:00:00Z,0.6,46.0,16.0,6.0
2024-04-05T02:00:00Z,0.62,48.0,15.0,7.0
2024-04-05T03:00:00Z,0.6,51.0,14.0,7.0
2024-04-05T04:00:00Z,0.6,52.0,14.0,8.0
2024-04-05T05:00:00Z,0.65,59.0,11.0,9.0
2024-04-05T06:00:00Z,0.85,57.0,20.0,11.0
2024-04-05T07:00:00Z,1.01,47.0,52.0,16.0
2024-04-05T08:00:00Z,0.8,36.0,89.0,15.0
2024-04-05T09:00:00Z,0.65,26.0,114.0,12.0
2024-04-05T10:00:00Z,0.68,21.0,123.0,11.0
2024-04-05T11:00:00Z,0.69,19.0,131.0,12.0
2024-04-05T12:00:00Z,0.66,18.0,135.0,11.0
2024-04-05T13:00:00Z,0.57,16.0,138.0,10.0
2024-04-05T14:00:00Z,0.53,15.0,138.0,9.0
2024-04-05T15:00:00Z,0.56,16.0,135.0,9.0
2024-04-05T16:00:00Z,0.56,18.0,133.0,9.0
2024-04-05T17:00:00Z,0.59,23.0,126.0,9.0
2024-04-05T18:00:00Z,0.6,32.0,111.0,9.0
2024-04-05T19:00:00Z,0.62,29.0,109.0,9.0
2024-04-05T20:00:00Z,0.61,29.0,100.0,9.0
2024-04-05T21:00:00Z,0.61,27.0,99.0,9.0
2024-04-05T22:00:00Z,0.59,24.0,103.0,9.0
2024-04-05T23:00:00Z,0.6,25.0,103.0,9.0
2024-04-06T00:00:00Z,0.6,24.0,100.0,9.0
2024-04-06T01:00:00Z,0.61,26.0,84.0,8.0
2024-04-06T02:00:00Z,0.61,29.0,72.0,8.0
2024-04-06T03:00:00Z,0.64,46.0,47.0,8.0
2024-04-06T04:00:00Z,0.66,57.0,31.0,8.0
2024-04-06T05:00:00Z,0.7,56.0,42.0,9.0
2024-04-06T06:00:00Z,0.73,47.0,56.0,11.0
2024-04-06T07:00:00Z,0.74,35.0,86.0,14.0
2024-04-06T08:00:00Z,0.67,28.0,108.0,13.0
2024-04-06T09:00:00Z,0.63,23.0,120.0,13.0
2024-04-06T10:00:00Z,0.57,17.0,137.0,9.0
2024-04-06T11:00:00Z,0.55,14.0,146.0,8.0
2024-04-06T12:00:00Z,0.5,14.0,146.0,7.0
2024-04-06T13:00:00Z,0.5,14.0,143.0,7.0
2024-04-06T14:00:00Z,0.5,15.0,142.0,7.0
2024-04-06T15:00:00Z,0.52,16.0,139.0,8.0
2024-04-06T16:00:00Z,0.52,18.0,134.0,8.0
2024-04-06T17:00:00Z,0.54,21.0,126.0,8.0
2024-04-06T18:00:00Z,0.59,28.0,108.0,8.0
2024-04-06T19:00:00Z,0.6,32.0,97.0,8.0
2024-04-06T20:00:00Z,0.6,33.0,90.0,8.0
2024-04-06T21:00:00Z,0.59,28.0,90.0,8.0
